id_cliente,idade,renda,valor_divida,dias_atraso,numero_contatos,canal_contato,regiao,acordo_ofertado,pagamento_realizado
1,56,13924,31575,167,10,WhatsApp,Centro-Oeste,0,1
2,69,19520,31197,225,12,Email,Nordeste,1,1
3,46,9655,10295,577,5,Telefone,Centro-Oeste,1,1
4,32,5083,38960,581,1,WhatsApp,Sul,1,0
5,60,17015,4718,9,0,WhatsApp,Centro-Oeste,1,1
6,25,5509,38071,236,10,WhatsApp,Nordeste,0,0
7,38,11910,12172,710,14,WhatsApp,Norte,1,1
8,56,6467,31542,685,2,WhatsApp,Sudeste,1,0
9,36,12195,36450,28,4,Email,Sudeste,1,1
10,40,10635,11509,646,14,Telefone,Norte,1,0
11,28,7222,47596,27,14,Telefone,Sul,1,0
12,28,17014,20044,550,3,Email,Centro-Oeste,0,1
13,41,12628,29881,196,6,Telefone,Centro-Oeste,1,1
14,70,5944,25787,203,3,Email,Norte,1,0
15,53,9118,3086,85,7,Email,Norte,1,1
16,57,19560,3148,30,6,WhatsApp,Nordeste,0,1
17,41,2696,40581,466,9,Email,Nordeste,1,0
18,20,13797,18601,99,8,Telefone,Sudeste,1,1
19,39,4287,45812,190,0,WhatsApp,Sul,1,0
20,70,9427,22192,12,14,Telefone,Sul,1,1
21,19,3676,7907,603,4,Telefone,Norte,0,0
22,41,10292,17754,30,12,Email,Sudeste,0,1
23,61,10671,15734,38,3,WhatsApp,Sudeste,1,1
24,47,3951,22711,572,5,Telefone,Nordeste,1,0
25,55,2128,29980,294,0,WhatsApp,Centro-Oeste,0,0
26,19,11321,48280,360,5,WhatsApp,Sul,0,0
27,38,9278,25346,655,0,WhatsApp,Sudeste,1,0
28,50,5196,43003,180,13,Telefone,Nordeste,1,1
29,29,14472,46693,112,13,Email,Nordeste,1,1
30,39,9807,48966,444,0,WhatsApp,Nordeste,0,0
31,61,6456,15821,21,7,Telefone,Centro-Oeste,1,1
32,42,11695,13146,145,1,WhatsApp,Sudeste,1,1
33,66,18576,22617,499,9,WhatsApp,Norte,1,0
34,44,2605,5393,146,12,Telefone,Norte,0,0
35,59,16917,9976,441,13,WhatsApp,Nordeste,1,1
36,45,15688,17770,421,5,Telefone,Nordeste,0,0
37,33,14102,22202,316,13,WhatsApp,Centro-Oeste,0,0
38,32,10756,4882,166,5,WhatsApp,Nordeste,1,1
39,64,15712,2285,652,5,Telefone,Sudeste,0,0
40,68,3413,46298,203,7,Telefone,Nordeste,0,0
41,61,12093,12235,496,3,WhatsApp,Nordeste,0,0
42,72,3272,30677,625,2,Telefone,Sudeste,1,0
43,69,14496,31212,468,5,Email,Sul,0,0
44,74,4371,17179,713,3,Telefone,Norte,1,0
45,20,14734,43513,385,1,WhatsApp,Nordeste,1,1
46,54,18544,35865,314,5,Telefone,Sudeste,1,1
47,68,12021,17564,255,9,Telefone,Norte,1,1
48,24,12142,31063,23,4,WhatsApp,Centro-Oeste,1,1
49,38,2632,33592,339,10,Email,Sul,0,0
50,26,2199,48428,493,8,Email,Nordeste,0,0
51,56,16034,27367,511,10,Email,Sul,1,1
52,35,11730,45882,366,5,Email,Nordeste,1,0
53,21,7797,34254,372,13,Telefone,Nordeste,0,0
54,42,14339,20002,599,2,Telefone,Nordeste,1,1
55,31,9312,1260,219,10,Telefone,Sul,1,1
56,67,6057,24642,475,4,Email,Centro-Oeste,1,0
57,26,3679,45153,423,14,Telefone,Sudeste,0,0
58,43,12530,42496,356,9,WhatsApp,Sudeste,1,1
59,70,10565,17790,460,7,WhatsApp,Centro-Oeste,0,0
60,19,9775,5999,503,8,Email,Centro-Oeste,1,1
61,37,19306,864,27,7,WhatsApp,Nordeste,0,1
62,45,16589,20297,223,14,Telefone,Nordeste,1,0
63,64,4680,41295,690,2,Email,Sudeste,1,0
64,24,8196,33035,148,8,Telefone,Nordeste,1,0
65,61,11083,46800,424,2,Email,Nordeste,1,0
66,25,18498,47676,351,7,Telefone,Centro-Oeste,0,1
67,64,15369,16605,186,9,WhatsApp,Sul,0,0
68,52,13257,8439,415,8,Email,Norte,1,0
69,31,18154,14436,429,6,WhatsApp,Norte,1,1
70,34,13758,42529,41,3,WhatsApp,Nordeste,0,0
71,53,3968,16363,393,9,WhatsApp,Nordeste,0,0
72,67,15708,13061,703,14,WhatsApp,Norte,1,1
73,57,16542,10947,79,8,WhatsApp,Centro-Oeste,1,1
74,21,17139,31124,717,2,WhatsApp,Norte,0,0
75,19,13046,47440,544,14,Telefone,Norte,0,0
76,23,13827,45146,450,2,Email,Norte,1,1
77,71,15770,12911,474,1,WhatsApp,Nordeste,1,1
78,59,17023,19965,142,9,WhatsApp,Nordeste,1,1
79,21,15800,38716,251,14,Telefone,Norte,1,1
80,71,12275,20142,294,2,Telefone,Nordeste,1,1
81,46,13765,31762,610,0,Email,Norte,1,0
82,35,18173,30863,136,14,WhatsApp,Centro-Oeste,1,1
83,43,8114,2607,484,3,Email,Nordeste,1,0
84,61,4752,8428,312,7,Telefone,Sul,1,1
85,51,8915,48502,555,4,Telefone,Nordeste,0,0
86,27,18162,19817,632,1,WhatsApp,Centro-Oeste,0,1
87,53,12616,49578,46,2,WhatsApp,Centro-Oeste,1,1
88,31,18464,25517,236,0,WhatsApp,Nordeste,0,1
89,48,6458,14028,48,1,WhatsApp,Sudeste,1,1
90,65,5776,13813,198,0,Telefone,Norte,1,0
91,32,6276,2059,84,1,Email,Norte,1,1
92,25,18708,15667,543,2,Telefone,Centro-Oeste,0,0
93,31,5332,15843,161,0,Telefone,Nordeste,1,1
94,40,16401,39098,428,10,Telefone,Sudeste,1,1
95,74,6945,8023,71,8,WhatsApp,Sul,0,1
96,57,2880,28939,520,9,Email,Norte,1,0
97,38,11365,16024,52,4,Telefone,Sudeste,1,1
98,33,15426,13785,45,7,WhatsApp,Norte,1,1
99,62,13080,11473,293,4,WhatsApp,Nordeste,0,0
100,35,7134,23194,465,7,Telefone,Norte,0,0
101,64,7310,36274,550,6,Telefone,Sul,1,0
102,70,11679,4802,380,11,WhatsApp,Nordeste,1,1
103,41,13751,22891,478,3,Email,Centro-Oeste,0,0
104,43,14631,5111,262,14,Telefone,Sudeste,1,1
105,42,14207,9872,580,6,Telefone,Norte,1,1
106,62,19733,24812,179,5,WhatsApp,Nordeste,1,1
107,58,4249,14580,357,2,WhatsApp,Nordeste,1,1
108,46,14656,15582,419,8,Email,Norte,0,1
109,32,18089,47909,698,11,Email,Centro-Oeste,1,0
110,62,4950,43361,201,9,WhatsApp,Norte,1,0
111,18,8714,31177,13,14,WhatsApp,Centro-Oeste,0,0
112,42,13314,21374,443,12,WhatsApp,Norte,0,0
113,24,6641,8878,286,8,WhatsApp,Nordeste,1,1
114,26,4208,2097,258,13,Telefone,Sul,0,0
115,41,19875,12100,570,4,Email,Sul,1,1
116,18,16588,4247,548,7,WhatsApp,Nordeste,1,1
117,61,13334,14379,490,6,WhatsApp,Sul,1,0
118,25,13778,13517,498,8,Email,Centro-Oeste,1,1
119,41,11514,25315,705,6,WhatsApp,Nordeste,1,0
120,28,4773,19464,333,3,Email,Centro-Oeste,0,0
121,68,15867,29312,562,3,Telefone,Nordeste,1,1
122,34,6038,40700,32,10,Email,Centro-Oeste,0,1
123,25,14041,25214,610,7,WhatsApp,Centro-Oeste,1,1
124,52,10212,19390,43,5,WhatsApp,Sul,0,1
125,52,10668,5225,351,8,WhatsApp,Nordeste,0,0
126,50,5051,43705,334,13,WhatsApp,Norte,0,0
127,22,13797,21184,559,9,WhatsApp,Sul,1,1
128,59,12465,26825,270,13,Email,Centro-Oeste,1,1
129,56,4332,33042,413,6,Email,Centro-Oeste,0,0
130,58,14922,46537,575,6,Telefone,Norte,1,0
131,45,1652,13592,19,3,WhatsApp,Norte,0,0
132,24,12656,30882,347,2,Telefone,Centro-Oeste,1,0
133,26,12608,40270,613,7,Telefone,Norte,1,1
134,25,4300,25957,37,6,WhatsApp,Sudeste,0,0
135,29,6810,6631,619,3,Email,Sul,0,0
136,51,11444,46529,92,12,WhatsApp,Nordeste,1,0
137,50,4110,25715,185,3,WhatsApp,Norte,1,1
138,65,13567,13112,28,0,WhatsApp,Norte,0,1
139,72,2604,37805,548,10,Telefone,Sudeste,1,0
140,40,12228,13591,372,6,Telefone,Nordeste,0,0
141,41,8763,35603,530,0,WhatsApp,Sudeste,0,0
142,54,3414,37589,345,9,WhatsApp,Nordeste,1,1
143,52,1906,30259,419,9,WhatsApp,Sul,0,0
144,61,15189,46522,196,3,WhatsApp,Norte,1,1
145,57,1666,1059,78,10,WhatsApp,Sul,1,1
146,39,2008,1213,167,13,WhatsApp,Nordeste,0,0
147,44,19545,37861,90,2,WhatsApp,Norte,1,1
148,52,5164,15684,264,10,Email,Sudeste,0,0
149,18,14550,15761,472,2,Telefone,Centro-Oeste,1,1
150,52,2180,20872,208,11,Telefone,Sudeste,1,0
151,54,5857,32640,271,0,WhatsApp,Centro-Oeste,1,1
152,64,2863,33524,263,3,WhatsApp,Sudeste,0,0
153,31,11023,47842,506,13,WhatsApp,Nordeste,0,0
154,20,3792,33044,512,0,WhatsApp,Sul,1,0
155,18,3038,537,576,13,WhatsApp,Centro-Oeste,0,0
156,22,4908,43532,524,12,Email,Nordeste,1,0
157,43,10252,13197,312,12,Email,Sul,0,0
158,72,19787,41920,174,7,WhatsApp,Sul,1,1
159,31,1674,49198,431,14,WhatsApp,Norte,0,0
160,56,3730,32207,463,14,Email,Norte,1,1
161,44,5787,26516,101,0,WhatsApp,Norte,1,1
162,26,13612,35100,16,11,Telefone,Centro-Oeste,0,1
163,32,8606,48785,709,13,Email,Centro-Oeste,1,0
164,32,11189,24484,258,5,Email,Sul,0,0
165,43,13546,5667,244,6,WhatsApp,Centro-Oeste,0,1
166,59,19451,932,348,14,WhatsApp,Sul,0,1
167,30,2651,4651,249,9,WhatsApp,Nordeste,1,0
168,68,9119,48180,105,13,Email,Sudeste,1,1
169,49,7533,6911,694,11,Email,Sul,0,0
170,56,10060,31288,667,1,Telefone,Sul,1,0
171,66,6446,27123,287,3,Telefone,Nordeste,0,0
172,69,3407,22604,169,10,Telefone,Norte,1,0
173,49,4990,756,420,13,Telefone,Norte,0,0
174,21,5673,33939,47,2,Email,Norte,1,1
175,47,12565,33757,43,12,Telefone,Sul,1,1
176,54,19177,40157,321,12,Telefone,Sul,1,1
177,40,6269,45174,221,8,WhatsApp,Centro-Oeste,1,0
178,56,6296,18566,513,13,Telefone,Centro-Oeste,1,0
179,62,14546,45871,712,6,WhatsApp,Sudeste,1,0
180,32,15711,33246,441,1,WhatsApp,Sudeste,1,0
181,60,6497,2960,144,10,Email,Centro-Oeste,1,0
182,46,18876,37797,28,11,Telefone,Sul,0,1
183,53,9612,35243,553,5,Email,Nordeste,1,0
184,30,6787,3716,659,8,WhatsApp,Centro-Oeste,1,0
185,49,12078,14767,690,11,Telefone,Sul,0,0
186,24,19360,10081,167,2,WhatsApp,Centro-Oeste,1,1
187,68,7926,5015,635,13,Email,Norte,1,0
188,39,13099,22576,586,14,WhatsApp,Centro-Oeste,1,1
189,45,1889,45316,249,10,Telefone,Norte,1,1
190,19,2499,10276,357,5,Telefone,Sul,0,0
191,59,14312,22447,111,13,WhatsApp,Norte,1,1
192,62,17099,3463,692,2,Email,Centro-Oeste,1,1
193,74,3355,7286,700,2,Email,Norte,0,0
194,70,9625,14366,719,3,WhatsApp,Nordeste,1,0
195,23,15294,39468,234,8,WhatsApp,Norte,0,0
196,45,4263,32805,24,10,WhatsApp,Norte,0,0
197,45,6486,17860,26,12,WhatsApp,Sudeste,1,1
198,61,2981,40613,381,7,Email,Nordeste,0,0
199,61,5231,33313,346,0,Email,Sul,1,1
200,37,18335,1693,378,12,WhatsApp,Norte,1,1
201,47,18766,5012,522,11,WhatsApp,Nordeste,0,0
202,28,12258,23166,17,10,Telefone,Sul,1,1
203,72,17811,17130,245,0,WhatsApp,Nordeste,1,1
204,45,10066,9483,718,6,WhatsApp,Sudeste,0,0
205,42,13389,1136,624,2,WhatsApp,Sul,1,0
206,56,12754,4275,717,13,Telefone,Sul,1,1
207,50,12942,2921,539,10,Telefone,Norte,1,1
208,18,15021,13525,583,6,Telefone,Centro-Oeste,1,0
209,74,6059,9780,688,8,WhatsApp,Sul,0,0
210,44,17699,37451,202,2,Email,Sul,0,1
211,74,8791,11851,248,2,Telefone,Sudeste,0,0
212,69,9660,38591,118,1,Email,Sudeste,1,1
213,30,1612,46156,9,9,WhatsApp,Sudeste,0,0
214,58,17424,30671,598,0,Email,Norte,1,0
215,20,18023,4144,23,8,Email,Sul,1,1
216,56,2924,16642,240,5,WhatsApp,Sudeste,0,0
217,23,12308,8273,585,5,WhatsApp,Sudeste,0,0
218,25,7543,28966,27,7,Email,Nordeste,1,1
219,44,8489,11278,81,10,Telefone,Nordeste,0,0
220,26,7761,13001,596,4,Email,Sudeste,1,0
221,54,2387,47677,199,8,Telefone,Norte,1,0
222,50,17933,2608,555,14,Telefone,Centro-Oeste,1,0
223,68,17902,29869,92,10,WhatsApp,Nordeste,1,1
224,59,13753,36882,84,4,WhatsApp,Nordeste,1,1
225,61,9346,26318,300,1,Email,Sul,1,1
226,41,7932,10751,296,5,WhatsApp,Sul,1,1
227,32,14952,23841,647,14,WhatsApp,Sudeste,1,1
228,71,14895,12178,454,8,Telefone,Sul,0,0
229,49,5265,14867,281,2,Telefone,Sul,0,0
230,49,17450,30172,59,9,WhatsApp,Centro-Oeste,1,1
231,41,14002,4832,342,3,WhatsApp,Norte,1,1
232,58,11241,12502,465,9,WhatsApp,Sudeste,1,1
233,69,7441,20784,342,10,WhatsApp,Centro-Oeste,1,1
234,66,6355,16200,610,7,Telefone,Sudeste,1,1
235,66,16666,14269,62,5,WhatsApp,Norte,1,1
236,69,7288,29818,625,12,Email,Sudeste,1,0
237,29,1701,24823,429,6,Email,Sul,1,0
238,56,12061,28110,658,6,Telefone,Norte,1,0
239,19,18401,7463,256,3,WhatsApp,Centro-Oeste,0,1
240,20,9237,8338,706,14,Telefone,Centro-Oeste,1,0
241,66,3488,45667,347,11,WhatsApp,Nordeste,0,0
242,54,16941,12743,526,5,WhatsApp,Centro-Oeste,1,1
243,66,13237,28439,304,11,Email,Nordeste,1,1
244,73,15756,2345,615,8,WhatsApp,Sul,1,1
245,34,8662,47210,245,2,Email,Centro-Oeste,0,0
246,66,14565,17266,412,7,WhatsApp,Norte,0,0
247,19,15614,37380,217,6,WhatsApp,Nordeste,0,1
248,19,9899,13280,516,3,Email,Centro-Oeste,1,0
249,45,7133,48958,474,9,Telefone,Sul,0,0
250,71,7255,43356,36,12,Telefone,Norte,1,1
251,40,12325,2009,178,2,Telefone,Norte,1,1
252,54,5617,24457,387,13,WhatsApp,Sul,0,0
253,49,3018,45672,17,6,Telefone,Centro-Oeste,1,1
254,50,17846,34846,711,9,WhatsApp,Sudeste,1,1
255,18,4100,17763,48,8,Telefone,Centro-Oeste,1,0
256,36,14737,47374,62,11,Telefone,Nordeste,1,0
257,19,5054,26648,69,9,Email,Nordeste,1,0
258,70,17693,32033,659,2,Telefone,Centro-Oeste,1,1
259,61,16753,43108,366,14,WhatsApp,Nordeste,1,1
260,43,17694,13431,162,9,Telefone,Sudeste,0,1
261,49,3242,1859,488,8,WhatsApp,Sudeste,0,0
262,23,2806,25032,431,12,WhatsApp,Norte,0,0
263,49,5349,20844,489,7,WhatsApp,Nordeste,0,0
264,72,13860,4742,230,11,Telefone,Centro-Oeste,1,1
265,21,14268,21101,370,2,WhatsApp,Norte,1,0
266,72,14532,49732,178,14,WhatsApp,Sudeste,1,1
267,28,5695,19616,410,7,Email,Norte,0,0
268,73,9119,35977,568,11,Telefone,Sul,0,0
269,34,10780,31282,590,3,WhatsApp,Nordeste,1,0
270,55,4142,46059,270,5,WhatsApp,Centro-Oeste,0,0
271,41,10869,19380,206,11,Telefone,Sudeste,1,1
272,22,15796,3999,82,9,Email,Norte,1,1
273,69,16938,32087,193,1,WhatsApp,Centro-Oeste,1,1
274,51,17174,44958,618,7,Email,Nordeste,0,0
275,23,6257,26520,189,12,Telefone,Centro-Oeste,0,0
276,39,4494,8580,276,8,Telefone,Nordeste,0,0
277,28,16726,23707,74,6,Email,Nordeste,1,1
278,65,2771,34457,10,7,Telefone,Nordeste,1,1
279,33,3313,14408,635,6,Email,Norte,0,0
280,50,9975,31152,216,10,WhatsApp,Nordeste,0,0
281,26,5896,30844,290,9,Telefone,Centro-Oeste,1,1
282,23,10783,25534,445,3,Telefone,Sul,0,0
283,33,14818,26288,552,0,WhatsApp,Centro-Oeste,1,1
284,46,18700,13251,193,2,Telefone,Norte,0,0
285,20,1582,47982,639,6,WhatsApp,Nordeste,1,0
286,37,3420,34293,289,10,WhatsApp,Sul,1,0
287,53,9317,33339,583,10,WhatsApp,Norte,1,0
288,36,13183,38814,649,6,Telefone,Sudeste,0,0
289,43,12836,35953,144,10,Email,Sudeste,0,1
290,20,17096,9885,389,12,WhatsApp,Sudeste,1,1
291,36,3593,18732,407,2,Telefone,Sul,1,0
292,37,14405,43844,370,0,WhatsApp,Centro-Oeste,1,1
293,49,9867,35290,441,9,Email,Sul,1,0
294,24,6785,16331,651,8,Telefone,Sul,0,0
295,69,12396,20625,564,11,Telefone,Sul,1,0
296,58,6437,46208,529,5,Telefone,Sudeste,0,0
297,50,18253,18182,677,12,WhatsApp,Centro-Oeste,0,0
298,57,19702,37370,13,12,Telefone,Sul,0,1
299,56,19985,17788,702,11,Email,Centro-Oeste,1,1
300,35,14477,36294,340,6,WhatsApp,Nordeste,0,0
301,57,19663,39977,312,0,Telefone,Sul,1,1
302,18,9174,24905,104,0,Email,Sul,0,0
303,28,19248,39237,339,3,WhatsApp,Sul,0,0
304,45,5176,3120,198,6,Email,Nordeste,1,1
305,74,3926,35914,300,13,Email,Nordeste,0,0
306,42,4462,38133,444,10,Telefone,Sudeste,0,0
307,67,2359,35557,359,14,WhatsApp,Norte,1,0
308,40,13548,40638,368,10,WhatsApp,Centro-Oeste,1,1
309,48,5638,14354,169,7,WhatsApp,Norte,0,0
310,47,3924,10177,149,9,Email,Sul,1,0
311,59,11909,44611,42,8,Email,Sul,1,1
312,52,5517,24574,202,0,Telefone,Sudeste,1,1
313,24,11951,18324,244,3,WhatsApp,Norte,0,0
314,33,11778,1265,669,3,WhatsApp,Sul,0,0
315,43,12496,45939,464,2,Telefone,Norte,1,1
316,65,2634,32115,449,6,Telefone,Sudeste,1,0
317,74,6619,49426,437,0,Email,Norte,0,0
318,69,7194,37360,531,8,Telefone,Centro-Oeste,1,0
319,66,5664,13475,565,12,Email,Sudeste,1,0
320,19,6539,9841,597,7,Telefone,Norte,1,0
321,18,16131,28641,273,1,Telefone,Sul,0,1
322,65,11942,12834,430,1,WhatsApp,Nordeste,0,0
323,29,9752,49345,213,7,Email,Nordeste,1,1
324,22,19221,16335,104,10,Telefone,Sudeste,1,1
325,54,19068,27048,192,13,WhatsApp,Nordeste,0,1
326,49,3051,35934,689,14,WhatsApp,Centro-Oeste,1,0
327,72,14125,25539,659,0,WhatsApp,Sudeste,1,1
328,26,3129,33030,380,12,Telefone,Sul,0,0
329,58,19410,39236,81,6,WhatsApp,Sul,1,1
330,52,2861,40909,705,8,WhatsApp,Sudeste,1,0
331,36,5870,19065,549,11,Telefone,Nordeste,0,0
332,65,6783,10334,377,14,WhatsApp,Nordeste,0,0
333,33,9110,37156,154,2,Email,Sul,0,1
334,20,12058,1340,642,6,WhatsApp,Centro-Oeste,1,0
335,37,16424,14373,571,5,Telefone,Nordeste,1,1
336,41,16339,32068,240,14,WhatsApp,Centro-Oeste,0,1
337,71,13449,11346,374,6,WhatsApp,Nordeste,1,1
338,73,12126,6399,204,6,WhatsApp,Sudeste,0,1
339,50,3493,21002,611,9,Email,Norte,1,0
340,41,2369,1065,350,0,Telefone,Sul,0,0
341,69,2514,39273,688,13,WhatsApp,Sudeste,1,0
342,28,11603,42424,143,2,Telefone,Nordeste,1,1
343,66,18486,43742,189,9,WhatsApp,Sul,1,1
344,25,13513,9687,272,0,Email,Norte,1,1
345,53,2190,7726,532,4,Email,Norte,0,0
346,55,18373,42647,300,2,Telefone,Nordeste,1,1
347,57,12248,39158,426,0,Telefone,Sul,1,1
348,37,9524,46381,46,1,Email,Nordeste,1,1
349,52,18178,4811,95,9,Telefone,Norte,1,1
350,65,6988,44714,64,4,Telefone,Sudeste,0,0
351,42,12535,42116,413,10,Email,Sudeste,0,0
352,52,19757,26189,643,2,Telefone,Centro-Oeste,1,1
353,42,14355,6583,9,5,Telefone,Norte,1,1
354,46,4317,13098,459,8,Email,Norte,0,0
355,35,5958,17440,715,5,Telefone,Nordeste,1,0
356,63,6807,27380,409,1,Telefone,Centro-Oeste,1,0
357,35,10433,3080,470,1,WhatsApp,Centro-Oeste,1,1
358,19,19925,47112,506,14,WhatsApp,Sul,0,1
359,71,18563,42821,686,12,WhatsApp,Nordeste,0,0
360,52,12159,9886,73,12,Telefone,Sudeste,0,0
361,33,7238,20022,84,7,WhatsApp,Sul,1,1
362,58,7168,26724,59,10,Email,Centro-Oeste,1,1
363,53,15927,15135,21,7,Telefone,Sudeste,1,1
364,50,9197,1171,458,5,Telefone,Norte,1,1
365,21,17946,34045,157,9,WhatsApp,Nordeste,1,1
366,50,9329,27355,329,6,Email,Centro-Oeste,1,0
367,31,12251,36290,573,0,Telefone,Norte,0,0
368,38,14950,47085,576,14,Telefone,Centro-Oeste,0,0
369,65,8852,14760,680,11,WhatsApp,Sudeste,0,0
370,37,15016,1574,203,8,Telefone,Sul,0,1
371,73,9826,43176,641,4,Telefone,Sudeste,0,0
372,25,5144,9975,106,8,Telefone,Nordeste,0,0
373,24,9503,13378,122,1,Email,Nordeste,1,1
374,20,4778,15620,318,13,Email,Centro-Oeste,1,0
375,34,8796,23647,182,7,Email,Sudeste,0,1
376,50,4574,2486,615,6,Telefone,Sul,1,0
377,65,14761,44093,316,10,Email,Nordeste,1,1
378,29,12673,32930,625,13,Email,Sul,1,0
379,68,9812,42461,406,3,WhatsApp,Norte,1,0
380,39,3137,17930,70,2,WhatsApp,Centro-Oeste,1,1
381,72,15152,2676,160,3,WhatsApp,Sul,1,1
382,39,6603,19222,240,3,WhatsApp,Centro-Oeste,0,1
383,63,18528,43315,523,9,WhatsApp,Norte,0,1
384,47,3532,19117,138,9,WhatsApp,Sul,0,0
385,55,4261,27615,495,7,Telefone,Sul,1,0
386,55,16695,37876,679,12,WhatsApp,Norte,0,1
387,62,19952,12406,247,12,WhatsApp,Sudeste,1,1
388,68,18125,40502,543,3,Telefone,Sul,0,0
389,71,4168,7110,524,13,Email,Sul,1,1
390,25,16138,43792,243,4,Email,Nordeste,1,1
391,44,17454,13911,620,1,Telefone,Sudeste,0,0
392,44,18686,9680,336,12,WhatsApp,Sul,1,1
393,51,13856,48493,422,3,WhatsApp,Norte,1,1
394,38,1695,10573,194,6,WhatsApp,Centro-Oeste,1,1
395,47,3687,37751,308,2,WhatsApp,Norte,0,0
396,50,13207,31460,645,13,WhatsApp,Sudeste,1,0
397,45,3830,6401,506,13,Email,Nordeste,0,0
398,64,5106,39397,281,0,WhatsApp,Nordeste,1,0
399,50,1560,43683,675,12,WhatsApp,Nordeste,0,0
400,22,15887,4982,439,7,WhatsApp,Norte,1,1
401,65,5427,42954,715,7,Telefone,Centro-Oeste,0,0
402,36,7796,25928,608,5,WhatsApp,Centro-Oeste,0,0
403,21,15122,7900,483,6,WhatsApp,Sul,1,0
404,52,15625,40074,223,14,WhatsApp,Centro-Oeste,1,1
405,66,4091,43784,117,9,WhatsApp,Centro-Oeste,1,0
406,34,13627,7896,192,10,WhatsApp,Sul,0,1
407,61,17248,7838,618,1,Telefone,Norte,1,1
408,45,7621,43218,516,4,WhatsApp,Norte,1,1
409,47,2700,13000,530,11,Telefone,Sudeste,1,0
410,46,17221,12045,307,6,Telefone,Norte,1,1
411,63,12587,5741,532,14,Telefone,Nordeste,1,1
412,70,8472,24278,122,8,WhatsApp,Nordeste,1,1
413,23,1636,23321,649,0,WhatsApp,Sudeste,0,0
414,52,18913,5195,592,14,WhatsApp,Centro-Oeste,0,1
415,58,16846,12030,154,2,Telefone,Sudeste,0,1
416,54,2161,47580,537,5,Telefone,Sul,1,0
417,41,3972,14818,452,13,WhatsApp,Sudeste,1,0
418,46,1586,22831,169,6,Telefone,Sudeste,1,1
419,66,12204,26855,59,5,Email,Nordeste,1,1
420,63,7719,11824,301,0,Telefone,Sul,1,1
421,70,17822,28649,553,3,WhatsApp,Sul,1,1
422,48,16249,3718,550,5,Telefone,Sudeste,1,1
423,52,8468,20641,117,7,WhatsApp,Sul,1,1
424,50,15096,37284,127,9,Telefone,Sul,1,1
425,69,3200,3337,405,14,WhatsApp,Norte,1,1
426,38,4200,49580,399,13,WhatsApp,Sul,1,0
427,49,13321,40302,515,3,Email,Centro-Oeste,1,1
428,40,19531,40577,498,6,Telefone,Sul,1,1
429,50,7020,14879,528,10,WhatsApp,Nordeste,0,0
430,20,13010,4739,398,2,WhatsApp,Norte,1,1
431,35,5187,45396,265,7,Telefone,Nordeste,0,0
432,42,18480,21312,263,0,Email,Nordeste,0,0
433,59,10337,30169,398,3,Telefone,Centro-Oeste,1,0
434,48,16455,49124,646,7,Email,Norte,1,1
435,71,12781,10111,527,9,WhatsApp,Sudeste,1,1
436,20,15417,4650,436,3,Telefone,Sul,0,0
437,57,6257,11609,360,1,Telefone,Centro-Oeste,1,1
438,63,14545,34714,129,1,Telefone,Centro-Oeste,1,1
439,41,10412,26516,634,3,WhatsApp,Sudeste,1,0
440,67,6233,12436,241,14,Telefone,Centro-Oeste,1,0
441,49,8581,11536,627,12,Telefone,Sudeste,0,1
442,64,10190,39736,709,3,Telefone,Sudeste,0,0
443,39,3173,14521,222,14,Telefone,Sudeste,1,0
444,40,15818,37443,214,1,Telefone,Centro-Oeste,0,1
445,19,12671,48658,592,6,Telefone,Sudeste,0,0
446,44,15045,38348,135,14,WhatsApp,Centro-Oeste,1,1
447,59,13303,15971,386,5,WhatsApp,Norte,1,1
448,19,3794,48161,303,10,Telefone,Sudeste,0,0
449,43,5130,23744,287,2,Email,Centro-Oeste,0,0
450,34,16593,49277,562,7,WhatsApp,Centro-Oeste,0,0
451,57,18030,39485,189,7,Telefone,Centro-Oeste,0,1
452,50,15953,38940,297,0,WhatsApp,Sul,1,1
453,26,13674,2002,526,2,WhatsApp,Sul,0,0
454,60,4953,34678,389,4,Telefone,Sudeste,1,0
455,71,6007,4270,459,1,Telefone,Norte,1,1
456,65,12102,43365,261,11,WhatsApp,Sudeste,1,1
457,56,7128,4501,704,11,Telefone,Nordeste,1,0
458,46,9828,21446,715,4,Email,Nordeste,0,0
459,59,17034,1098,113,10,Email,Norte,1,1
460,72,5052,30816,36,9,WhatsApp,Norte,1,1
461,43,17902,26067,79,2,Telefone,Norte,1,1
462,52,3742,27008,275,14,WhatsApp,Sul,0,0
463,67,16165,44244,278,8,WhatsApp,Sul,0,1
464,42,6597,39659,674,10,Telefone,Nordeste,0,0
465,41,10140,30776,312,0,Telefone,Norte,1,0
466,30,3448,24171,529,3,WhatsApp,Centro-Oeste,1,0
467,24,7118,16950,204,9,Email,Nordeste,1,1
468,74,5736,15408,17,5,Email,Norte,1,0
469,53,3420,44858,714,14,Telefone,Centro-Oeste,0,0
470,62,12669,49547,476,8,Telefone,Norte,1,1
471,37,5688,36018,511,2,WhatsApp,Sudeste,1,0
472,18,13707,31712,210,14,Telefone,Centro-Oeste,0,1
473,25,1738,43184,499,2,WhatsApp,Sudeste,1,0
474,63,1704,7306,402,14,Email,Sul,1,0
475,33,12299,39697,429,11,WhatsApp,Nordeste,0,0
476,31,7052,41391,78,4,WhatsApp,Norte,1,1
477,29,6427,18515,568,6,Telefone,Nordeste,1,0
478,68,12664,39720,80,13,WhatsApp,Norte,0,0
479,40,5890,17658,306,4,WhatsApp,Sudeste,1,1
480,32,17141,15956,58,10,WhatsApp,Centro-Oeste,0,1
481,45,7660,28088,530,7,Email,Centro-Oeste,1,0
482,51,17310,22991,208,4,Telefone,Norte,0,1
483,19,6626,24688,511,6,WhatsApp,Sudeste,0,0
484,49,2316,27579,135,5,WhatsApp,Norte,1,0
485,40,14914,4519,522,13,WhatsApp,Norte,0,0
486,39,1692,12919,581,9,Telefone,Norte,0,0
487,68,19660,34197,83,12,Telefone,Centro-Oeste,0,1
488,42,5145,19896,621,1,WhatsApp,Norte,0,0
489,39,14316,39532,44,2,WhatsApp,Centro-Oeste,0,1
490,39,7814,30392,483,10,WhatsApp,Sul,1,0
491,66,19672,8473,644,10,WhatsApp,Sudeste,1,1
492,69,8874,42965,493,3,WhatsApp,Sul,1,1
493,59,5200,21613,499,4,Telefone,Norte,1,0
494,23,12155,11636,18,8,WhatsApp,Centro-Oeste,1,1
495,32,16629,19703,605,5,Telefone,Sudeste,0,0
496,71,10859,31785,294,0,Telefone,Nordeste,0,0
497,60,5393,23539,148,2,WhatsApp,Sudeste,1,0
498,54,8311,1684,472,6,Telefone,Sudeste,0,0
499,50,10788,23227,172,7,Telefone,Norte,1,1
500,25,2004,17411,563,6,WhatsApp,Sul,1,0
501,70,11313,1416,531,4,Email,Sul,1,1
502,61,16171,4074,120,14,WhatsApp,Nordeste,1,1
503,61,12238,36587,66,9,Email,Norte,1,1
504,22,12686,18290,141,7,Telefone,Sudeste,1,1
505,56,8273,18125,446,8,Telefone,Sul,1,0
506,21,5316,5706,506,6,Email,Sul,0,0
507,23,2217,20017,189,10,Email,Centro-Oeste,1,1
508,62,13176,38196,158,8,Telefone,Sudeste,1,1
509,49,5934,16605,610,0,Telefone,Norte,1,0
510,69,18542,36156,670,13,WhatsApp,Sul,1,1
511,47,6557,3190,246,8,Telefone,Norte,0,0
512,64,6494,37359,33,2,WhatsApp,Sudeste,1,1
513,52,5734,47228,361,5,WhatsApp,Sudeste,1,0
514,72,5264,1190,330,7,Email,Sul,1,0
515,57,12681,25603,512,2,WhatsApp,Nordeste,0,0
516,69,6137,34763,71,3,WhatsApp,Norte,1,1
517,33,3604,11585,313,6,Telefone,Norte,1,0
518,30,10947,26325,79,11,WhatsApp,Centro-Oeste,0,1
519,67,12174,11220,169,6,WhatsApp,Sudeste,1,1
520,59,9885,39141,180,3,Telefone,Sudeste,1,1
521,47,13499,37771,628,8,Telefone,Sul,0,0
522,36,5219,12220,260,12,Telefone,Sul,1,1
523,34,4081,47232,486,2,Telefone,Sul,1,0
524,73,4263,1397,5,11,Telefone,Centro-Oeste,1,0
525,36,7491,17594,297,7,Telefone,Nordeste,0,0
526,45,12031,36963,620,7,WhatsApp,Sul,0,0
527,72,12564,35954,360,12,Telefone,Sul,0,1
528,43,12812,24072,117,3,Email,Sul,0,1
529,54,6280,39046,357,6,WhatsApp,Centro-Oeste,0,0
530,43,5677,15650,439,3,WhatsApp,Norte,1,0
531,70,16669,17299,331,12,WhatsApp,Nordeste,0,1
532,40,7976,10163,525,11,Telefone,Norte,0,0
533,26,3882,37448,654,0,WhatsApp,Sudeste,0,0
534,29,18415,37530,188,0,Telefone,Sudeste,0,1
535,70,14008,27507,281,13,Email,Sul,1,1
536,18,2134,35783,511,0,Telefone,Norte,1,0
537,18,13496,26171,466,1,WhatsApp,Centro-Oeste,0,0
538,64,15662,25885,115,5,Telefone,Nordeste,0,1
539,51,17886,11736,236,11,WhatsApp,Norte,1,1
540,49,15505,22524,338,9,Telefone,Norte,0,0
541,71,9897,47372,522,10,Telefone,Nordeste,1,0
542,65,13827,39884,199,4,WhatsApp,Norte,1,1
543,42,15894,17876,50,10,Email,Norte,0,1
544,57,4390,37638,142,1,WhatsApp,Nordeste,1,1
545,62,12358,18657,528,7,Email,Centro-Oeste,1,0
546,70,9526,20445,514,8,WhatsApp,Nordeste,0,0
547,18,4806,37084,670,6,WhatsApp,Sul,0,0
548,33,2397,23517,30,11,WhatsApp,Sul,1,1
549,56,10777,2256,82,13,WhatsApp,Sul,1,1
550,22,10971,35641,31,14,Telefone,Sul,0,0
551,39,16396,3076,333,14,Telefone,Sudeste,1,1
552,46,16740,25967,660,11,Telefone,Centro-Oeste,0,0
553,72,16183,37452,177,8,WhatsApp,Sudeste,1,1
554,20,2170,31705,370,3,WhatsApp,Norte,1,0
555,29,19389,35665,547,12,Telefone,Norte,1,1
556,43,13267,13174,535,6,WhatsApp,Nordeste,1,0
557,33,14506,43594,106,4,Telefone,Sul,0,0
558,68,17268,43814,97,4,Telefone,Nordeste,1,1
559,54,18133,22853,230,2,WhatsApp,Norte,0,0
560,39,3392,30349,227,8,Telefone,Sul,1,1
561,74,4939,5035,371,12,Telefone,Centro-Oeste,1,0
562,46,4354,47867,100,9,Telefone,Norte,1,0
563,31,13077,42436,445,4,WhatsApp,Nordeste,0,0
564,45,13263,17618,468,5,WhatsApp,Nordeste,1,0
565,22,13118,1132,55,2,WhatsApp,Norte,1,1
566,64,9735,13780,195,9,WhatsApp,Sudeste,1,1
567,66,4118,15246,520,6,WhatsApp,Centro-Oeste,0,0
568,47,4663,37536,424,8,Email,Norte,1,1
569,63,4442,19785,315,8,Telefone,Norte,0,0
570,69,3425,18547,128,13,Telefone,Nordeste,0,0
571,22,4472,48589,32,14,WhatsApp,Sul,0,0
572,29,13205,10707,93,12,Email,Sul,0,0
573,33,12140,6091,519,9,WhatsApp,Sul,0,0
574,43,12466,28257,258,13,Telefone,Nordeste,0,1
575,43,18874,16726,220,9,Email,Sul,0,1
576,65,12638,30232,106,4,Telefone,Norte,1,1
577,38,19696,27706,548,6,Email,Sudeste,1,0
578,56,17435,20756,416,12,Telefone,Sudeste,1,1
579,53,14645,34322,557,11,WhatsApp,Sudeste,1,1
580,50,1989,41840,309,11,WhatsApp,Sul,1,0
581,47,13248,46847,366,12,WhatsApp,Sudeste,1,1
582,54,5016,43851,521,2,WhatsApp,Sul,0,0
583,40,7910,41275,459,5,Telefone,Norte,1,1
584,27,1553,49171,599,11,WhatsApp,Norte,1,0
585,71,18499,10284,370,7,Email,Nordeste,1,1
586,22,7444,37529,331,12,WhatsApp,Nordeste,1,1
587,53,8904,35657,689,7,WhatsApp,Centro-Oeste,1,0
588,51,2454,20437,642,1,Email,Norte,1,0
589,69,12125,47207,707,5,WhatsApp,Sul,1,0
590,48,3129,11719,11,6,Telefone,Centro-Oeste,1,1
591,27,12473,9899,507,11,Telefone,Norte,0,0
592,36,8359,33812,419,6,WhatsApp,Sul,1,0
593,49,10341,28157,122,2,Telefone,Norte,1,1
594,18,12039,20547,235,13,WhatsApp,Norte,1,1
595,73,14182,35507,331,13,Telefone,Sul,1,1
596,22,4778,11059,543,8,Telefone,Norte,0,0
597,62,8039,20657,348,1,WhatsApp,Norte,1,0
598,21,18254,35895,412,10,Telefone,Norte,1,1
599,33,2357,7118,224,2,WhatsApp,Nordeste,1,1
600,41,6386,45391,153,14,Telefone,Sudeste,0,0
601,33,14445,7280,212,10,Email,Norte,0,1
602,72,8985,27550,92,1,Email,Sul,1,1
603,19,15180,8515,331,10,Telefone,Norte,0,1
604,66,18267,3630,467,8,WhatsApp,Nordeste,1,1
605,45,15897,28583,641,3,Email,Nordeste,0,0
606,49,12244,16980,709,1,WhatsApp,Norte,1,1
607,44,5834,48099,554,2,Telefone,Centro-Oeste,0,0
608,37,13726,35976,228,12,WhatsApp,Sudeste,1,1
609,41,14940,38665,194,3,Email,Sul,1,1
610,29,16520,12028,530,14,Telefone,Sul,0,0
611,67,5751,6414,243,13,Telefone,Sul,1,1
612,52,13680,37636,389,9,WhatsApp,Sul,0,0
613,50,17640,11679,276,12,Telefone,Nordeste,1,1
614,50,2422,20972,450,5,Telefone,Sudeste,1,0
615,68,9457,12576,639,4,Telefone,Norte,0,0
616,60,17296,25283,587,2,WhatsApp,Norte,0,0
617,54,2730,47216,574,9,WhatsApp,Centro-Oeste,1,0
618,29,12127,14324,478,7,WhatsApp,Norte,0,1
619,20,11506,4799,480,7,WhatsApp,Sudeste,0,0
620,18,6433,47388,288,6,WhatsApp,Norte,1,1
621,50,15795,8618,698,2,WhatsApp,Nordeste,0,0
622,57,17877,11256,690,13,WhatsApp,Norte,1,1
623,27,1703,8453,678,14,WhatsApp,Sul,1,0
624,60,18044,38052,695,0,WhatsApp,Sul,0,0
625,61,17399,15685,540,4,Email,Sul,0,0
626,46,5248,42292,330,0,Telefone,Sul,1,0
627,30,8218,15174,470,5,WhatsApp,Nordeste,0,0
628,29,2593,44976,534,10,Telefone,Nordeste,0,0
629,48,16728,34427,467,6,Telefone,Nordeste,1,1
630,63,17534,886,420,14,Email,Norte,1,1
631,19,7210,27117,608,14,WhatsApp,Sul,0,0
632,68,11232,7692,122,11,WhatsApp,Centro-Oeste,1,1
633,67,4691,11245,308,4,Email,Centro-Oeste,1,0
634,52,19721,30520,334,3,WhatsApp,Sul,1,1
635,40,2189,43178,420,1,WhatsApp,Sudeste,1,0
636,34,3603,21659,326,4,WhatsApp,Norte,1,0
637,43,1865,3909,649,8,WhatsApp,Centro-Oeste,0,0
638,25,15510,26245,573,3,Email,Nordeste,0,0
639,46,13267,46448,250,13,WhatsApp,Sudeste,0,0
640,43,17603,29955,95,1,Email,Nordeste,0,1
641,27,14242,39410,296,12,Email,Sudeste,0,0
642,43,13891,39235,184,14,Telefone,Sudeste,0,1
643,51,5672,29666,260,5,WhatsApp,Norte,1,1
644,68,17123,40473,667,7,WhatsApp,Nordeste,0,0
645,58,3878,28572,186,1,WhatsApp,Nordeste,1,0
646,24,19089,49274,409,8,WhatsApp,Centro-Oeste,0,0
647,21,13531,12609,69,6,Telefone,Sul,1,1
648,70,7169,46302,627,13,WhatsApp,Sul,1,0
649,67,4235,2984,8,12,Email,Centro-Oeste,1,0
650,62,11367,35122,265,1,Telefone,Sudeste,1,1
651,28,9990,44899,484,10,Telefone,Centro-Oeste,1,0
652,46,2456,3097,617,4,Email,Centro-Oeste,1,0
653,73,10806,41097,371,4,WhatsApp,Nordeste,0,0
654,53,8123,41454,677,6,WhatsApp,Centro-Oeste,1,1
655,42,16408,4483,83,12,WhatsApp,Sudeste,1,1
656,38,19358,39952,646,14,WhatsApp,Sul,0,0
657,74,5960,43651,211,4,Telefone,Norte,0,0
658,53,15486,17540,313,10,WhatsApp,Centro-Oeste,0,1
659,27,14138,45272,604,13,WhatsApp,Centro-Oeste,0,0
660,54,4350,31054,337,5,Email,Nordeste,0,0
661,26,14799,28416,490,13,WhatsApp,Nordeste,1,1
662,41,12198,45371,403,8,Telefone,Centro-Oeste,0,0
663,52,6094,26872,639,2,WhatsApp,Centro-Oeste,1,0
664,66,15782,39580,191,2,WhatsApp,Sudeste,1,1
665,52,17785,41206,671,7,Telefone,Sul,1,0
666,65,15834,43222,335,9,Email,Sul,1,1
667,53,8144,29548,522,11,WhatsApp,Norte,0,0
668,35,4350,20169,619,5,WhatsApp,Sul,1,0
669,66,16433,10277,87,11,WhatsApp,Norte,0,1
670,56,1665,36831,579,9,WhatsApp,Nordeste,1,0
671,49,12201,21468,62,2,WhatsApp,Norte,0,1
672,41,2419,38309,387,1,Telefone,Norte,1,0
673,40,9805,11792,146,12,WhatsApp,Sul,0,1
674,49,18875,41294,153,1,WhatsApp,Centro-Oeste,1,1
675,54,17215,14423,619,1,Telefone,Nordeste,0,0
676,29,5339,28203,660,14,WhatsApp,Sudeste,1,0
677,66,19142,19157,698,4,WhatsApp,Norte,1,1
678,72,13118,4129,349,14,Email,Norte,1,1
679,30,15019,2614,178,11,WhatsApp,Norte,1,1
680,40,12276,34945,487,4,Telefone,Centro-Oeste,1,0
681,42,1567,36362,661,0,WhatsApp,Sudeste,0,0
682,52,11288,26074,247,1,WhatsApp,Sul,1,1
683,58,7160,32849,254,1,WhatsApp,Nordeste,0,0
684,47,5978,22757,500,14,WhatsApp,Centro-Oeste,1,0
685,34,9710,35552,541,3,WhatsApp,Sudeste,0,0
686,66,12422,38320,352,6,WhatsApp,Nordeste,1,0
687,37,5021,18473,512,2,Email,Sul,1,0
688,65,2072,26237,13,4,Telefone,Nordeste,0,0
689,42,8582,12547,559,10,WhatsApp,Norte,1,0
690,39,6895,22613,151,8,Telefone,Norte,0,0
691,30,16907,1194,50,4,Email,Centro-Oeste,0,1
692,36,12594,16088,215,8,Telefone,Nordeste,1,1
693,66,2150,46323,644,0,WhatsApp,Norte,0,0
694,53,7241,49348,372,8,Email,Centro-Oeste,1,1
695,29,14781,20567,113,13,WhatsApp,Centro-Oeste,1,1
696,58,8338,7204,252,4,WhatsApp,Centro-Oeste,1,1
697,36,4762,40636,341,7,Telefone,Sul,0,0
698,29,19222,2471,53,4,Email,Norte,1,1
699,26,6496,47861,130,13,Email,Norte,0,0
700,24,13326,41323,193,11,Email,Sudeste,1,1
701,45,4327,11941,591,5,WhatsApp,Sul,1,0
702,31,15711,31976,57,7,Email,Norte,0,1
703,48,6732,15177,97,1,WhatsApp,Norte,1,1
704,69,3717,28318,198,2,WhatsApp,Sudeste,0,0
705,36,15732,2368,647,10,Telefone,Nordeste,0,0
706,64,15526,18555,147,8,WhatsApp,Nordeste,0,0
707,33,15378,2228,684,4,Telefone,Sul,0,0
708,70,8337,8132,575,4,WhatsApp,Centro-Oeste,0,0
709,22,8531,12543,577,8,Email,Sudeste,0,0
710,52,16306,6903,295,9,WhatsApp,Sudeste,1,1
711,29,5216,16232,621,2,WhatsApp,Norte,0,0
712,42,4914,19026,684,13,Email,Norte,0,0
713,69,19332,9840,12,3,WhatsApp,Sudeste,0,1
714,38,2070,39452,333,6,Telefone,Centro-Oeste,1,0
715,53,14788,22894,220,1,Telefone,Nordeste,0,0
716,70,2417,33521,398,7,Telefone,Sul,1,0
717,40,11566,4602,342,4,Telefone,Nordeste,0,0
718,33,8482,36810,512,14,WhatsApp,Sul,0,0
719,74,7836,19659,172,0,Email,Centro-Oeste,0,0
720,56,19562,6712,468,2,WhatsApp,Sudeste,0,0
721,62,18499,32324,166,14,WhatsApp,Centro-Oeste,1,1
722,70,11441,37905,699,8,WhatsApp,Sudeste,1,0
723,59,13880,12025,170,4,Telefone,Norte,0,1
724,56,13167,29260,564,7,Telefone,Sul,0,1
725,31,6029,44739,512,0,Email,Norte,0,0
726,48,19019,45768,189,13,Telefone,Sudeste,1,1
727,22,13692,27957,120,6,Telefone,Sul,1,1
728,52,10066,48515,105,6,Email,Sul,1,0
729,40,8726,11032,674,7,WhatsApp,Norte,1,0
730,46,6662,14018,41,2,Telefone,Sul,1,1
731,60,18090,6976,677,0,Telefone,Sudeste,1,1
732,28,2819,20243,321,10,WhatsApp,Sudeste,1,1
733,35,2641,1504,335,14,Email,Norte,1,0
734,64,6127,43554,160,8,WhatsApp,Centro-Oeste,0,0
735,29,16001,37985,264,0,Telefone,Sudeste,1,0
736,26,4190,3771,530,10,Telefone,Sudeste,1,0
737,27,8823,45982,685,5,Email,Sul,1,0
738,61,4755,709,477,8,Email,Sul,0,0
739,34,6713,25963,352,13,Telefone,Sudeste,1,1
740,55,5608,6039,545,1,Telefone,Norte,0,0
741,24,19741,49805,210,3,WhatsApp,Centro-Oeste,0,1
742,63,11302,20477,496,1,WhatsApp,Sul,1,1
743,30,12913,9106,382,3,Email,Sul,1,1
744,57,16495,44884,676,1,Email,Centro-Oeste,1,1
745,59,14083,34552,481,11,Email,Sul,1,1
746,26,6521,3648,5,0,WhatsApp,Norte,1,1
747,67,8082,34036,34,10,Email,Sul,1,1
748,44,14955,6107,145,2,Email,Sul,1,1
749,19,14617,20086,351,7,WhatsApp,Sudeste,0,0
750,22,18859,29750,583,4,Telefone,Norte,1,1
751,46,2762,19094,465,3,Telefone,Norte,0,0
752,54,8882,7899,348,4,Telefone,Sudeste,1,1
753,55,4827,25617,125,5,Email,Nordeste,0,0
754,36,11520,33626,271,5,WhatsApp,Centro-Oeste,0,1
755,25,19141,34117,357,4,Telefone,Norte,0,0
756,65,18348,7998,527,11,Telefone,Nordeste,1,1
757,62,15562,37790,498,10,WhatsApp,Centro-Oeste,0,0
758,18,8274,46041,153,11,Email,Norte,0,0
759,39,16660,10128,53,5,Telefone,Sul,1,1
760,69,2730,829,149,8,WhatsApp,Norte,0,0
761,34,10576,39119,503,4,WhatsApp,Centro-Oeste,0,0
762,24,5305,7532,450,12,WhatsApp,Nordeste,0,0
763,42,16215,48594,219,5,Telefone,Sul,1,1
764,62,7250,38534,625,3,Email,Centro-Oeste,1,0
765,21,17127,37622,277,12,WhatsApp,Centro-Oeste,1,1
766,53,14732,21122,452,2,WhatsApp,Norte,0,1
767,23,4635,29084,428,12,WhatsApp,Sudeste,0,0
768,48,8453,48350,83,11,Telefone,Sudeste,0,0
769,36,3046,5222,218,5,Email,Sul,1,0
770,61,16957,18272,527,10,Telefone,Centro-Oeste,1,1
771,71,18978,21069,404,10,Telefone,Nordeste,1,1
772,56,3911,42179,290,4,Telefone,Sul,1,0
773,44,15613,3735,420,3,WhatsApp,Sul,0,1
774,27,5645,5076,339,4,Telefone,Norte,0,0
775,43,4275,27207,711,6,Telefone,Nordeste,1,0
776,36,14693,34368,670,0,Telefone,Centro-Oeste,1,1
777,56,14351,42132,419,13,Email,Centro-Oeste,1,1
778,20,14570,41976,207,14,Telefone,Centro-Oeste,1,1
779,62,5470,30785,686,0,Telefone,Sul,1,0
780,30,15619,24654,696,10,Email,Norte,1,1
781,67,5831,20554,265,12,Email,Sul,1,0
782,45,11795,17665,36,0,Telefone,Sudeste,0,0
783,37,3442,14939,373,1,WhatsApp,Sudeste,1,0
784,45,18075,45018,488,8,WhatsApp,Centro-Oeste,1,1
785,25,14904,23015,259,12,Telefone,Norte,1,1
786,58,2361,27462,531,4,WhatsApp,Centro-Oeste,0,0
787,56,10775,43049,23,13,WhatsApp,Centro-Oeste,0,0
788,18,18533,38263,104,8,WhatsApp,Sul,0,1
789,20,5634,45254,241,12,Telefone,Centro-Oeste,1,1
790,30,13303,45778,716,4,Telefone,Centro-Oeste,0,0
791,45,16908,19964,253,14,WhatsApp,Norte,1,1
792,74,18920,42536,142,13,WhatsApp,Norte,1,1
793,66,17851,30913,655,6,Telefone,Norte,1,1
794,42,5631,33770,451,13,WhatsApp,Centro-Oeste,1,0
795,73,13557,42799,307,13,WhatsApp,Norte,1,1
796,50,12849,20769,500,14,Telefone,Norte,1,1
797,55,12986,32041,622,5,Telefone,Nordeste,1,1
798,70,6957,8509,8,1,WhatsApp,Nordeste,0,1
799,23,7579,17507,69,2,Telefone,Sudeste,1,0
800,61,13953,26962,702,4,WhatsApp,Sul,1,1
801,62,19763,12042,691,3,Telefone,Sul,0,1
802,49,13658,17934,575,13,WhatsApp,Norte,1,1
803,62,17235,30265,68,10,WhatsApp,Sudeste,0,1
804,64,17330,24269,718,5,Telefone,Sudeste,0,1
805,38,16625,22965,408,7,Telefone,Nordeste,0,1
806,33,13405,22368,518,7,WhatsApp,Sudeste,1,1
807,71,13798,20656,119,2,WhatsApp,Centro-Oeste,0,0
808,38,3511,20800,31,3,Email,Norte,0,0
809,28,4873,13935,518,0,Telefone,Centro-Oeste,1,0
810,54,11835,4614,483,1,WhatsApp,Sul,1,0
811,53,12192,46836,207,12,Telefone,Nordeste,0,0
812,52,16027,36635,669,8,WhatsApp,Centro-Oeste,1,0
813,36,14273,8595,579,14,Telefone,Norte,1,1
814,37,2789,38409,387,11,WhatsApp,Centro-Oeste,0,0
815,74,2947,4451,412,9,WhatsApp,Centro-Oeste,1,0
816,35,15639,21968,370,9,WhatsApp,Sudeste,1,1
817,64,15257,27573,353,1,WhatsApp,Nordeste,1,1
818,58,6962,48155,336,11,WhatsApp,Sul,1,0
819,66,9157,34841,289,5,WhatsApp,Norte,1,1
820,31,6420,46627,140,13,WhatsApp,Norte,0,1
821,32,11845,3268,300,6,WhatsApp,Sul,1,1
822,48,9917,38570,13,5,Telefone,Norte,1,1
823,18,18660,47014,664,7,WhatsApp,Sudeste,1,1
824,70,6708,34479,428,8,Telefone,Centro-Oeste,1,1
825,71,2187,25851,400,7,WhatsApp,Sudeste,1,0
826,71,18413,15945,109,4,WhatsApp,Sudeste,0,1
827,20,14723,49083,485,7,Telefone,Sudeste,1,0
828,33,9580,1660,356,9,Email,Sul,1,1
829,40,10986,22861,149,14,WhatsApp,Nordeste,1,1
830,74,7594,7541,716,14,WhatsApp,Sul,1,0
831,28,9192,19267,307,9,Telefone,Sul,0,0
832,29,12588,11346,533,8,Email,Sudeste,1,1
833,27,4603,39144,60,13,Email,Nordeste,0,0
834,49,3940,20424,435,7,WhatsApp,Sul,0,0
835,33,8624,46157,21,1,WhatsApp,Nordeste,1,0
836,25,18728,14382,382,1,Telefone,Sudeste,0,1
837,55,15531,15238,245,11,Telefone,Sul,0,0
838,29,16036,21519,73,2,Telefone,Nordeste,0,1
839,41,1946,1595,449,6,Email,Norte,1,0
840,45,5415,39169,76,8,Telefone,Sul,0,0
841,70,17287,41483,698,7,WhatsApp,Sul,1,1
842,25,19118,46179,590,8,WhatsApp,Sul,1,1
843,45,8087,14623,390,5,Telefone,Nordeste,1,0
844,53,1726,28632,577,0,WhatsApp,Centro-Oeste,0,0
845,43,12651,1579,342,13,WhatsApp,Sul,1,1
846,25,7058,30157,290,11,WhatsApp,Norte,0,0
847,67,13471,45778,568,3,WhatsApp,Norte,0,0
848,45,1686,32875,331,12,WhatsApp,Sudeste,0,0
849,45,16180,25254,259,5,Email,Centro-Oeste,0,0
850,54,16059,31653,426,14,WhatsApp,Centro-Oeste,1,1
851,58,12569,18844,702,11,Telefone,Nordeste,1,0
852,53,4035,34741,6,5,WhatsApp,Sudeste,0,0
853,44,3432,38156,6,14,WhatsApp,Nordeste,1,1
854,71,3532,5479,191,7,Email,Sudeste,0,0
855,34,2752,1712,148,14,Email,Centro-Oeste,1,0
856,26,7009,9501,405,0,WhatsApp,Nordeste,1,0
857,50,6574,13748,258,12,Telefone,Sudeste,1,1
858,70,15400,33687,479,10,WhatsApp,Centro-Oeste,0,0
859,37,16023,16108,90,1,Email,Centro-Oeste,1,1
860,30,3381,36927,10,1,WhatsApp,Sul,0,0
861,45,1769,31868,87,12,WhatsApp,Nordeste,0,0
862,65,3130,5783,151,5,Telefone,Sul,1,1
863,46,19458,26354,625,13,Email,Centro-Oeste,1,1
864,30,14883,11215,30,13,WhatsApp,Nordeste,0,1
865,63,17652,16665,128,10,Telefone,Nordeste,0,1
866,52,12584,34608,78,6,WhatsApp,Norte,0,0
867,23,3195,27297,421,1,Email,Sudeste,0,0
868,35,16321,48073,55,4,WhatsApp,Norte,0,1
869,68,4762,11084,480,5,Email,Norte,1,0
870,22,2945,15280,305,3,WhatsApp,Centro-Oeste,0,0
871,64,17936,38405,546,0,WhatsApp,Sudeste,0,0
872,42,11449,22073,105,2,Email,Norte,1,1
873,19,19550,33859,172,13,Email,Norte,1,1
874,27,8401,1026,499,9,Telefone,Nordeste,1,1
875,73,2219,8355,22,8,WhatsApp,Centro-Oeste,1,0
876,47,10097,43963,287,12,Telefone,Norte,0,0
877,67,8355,34560,391,5,Telefone,Sudeste,1,0
878,62,9763,29982,617,1,Telefone,Sul,1,0
879,22,16020,17071,149,8,Telefone,Sul,1,1
880,72,13374,32240,272,3,WhatsApp,Centro-Oeste,1,1
881,73,15579,19642,299,10,Telefone,Sul,1,1
882,50,18582,25604,172,12,Telefone,Nordeste,1,1
883,71,8743,9125,47,7,WhatsApp,Nordeste,0,0
884,18,10518,39699,626,9,Telefone,Sudeste,1,0
885,35,18232,16426,207,6,Telefone,Centro-Oeste,1,1
886,49,13600,31718,453,11,Telefone,Centro-Oeste,1,1
887,64,18191,44972,395,10,WhatsApp,Sul,0,0
888,66,6320,26880,301,2,Telefone,Norte,1,1
889,28,12501,21066,708,14,WhatsApp,Norte,0,0
890,38,15407,33705,676,7,Telefone,Norte,1,1
891,43,13169,44048,176,3,Telefone,Sudeste,1,1
892,42,17416,30217,110,1,Telefone,Centro-Oeste,1,1
893,39,12378,42256,684,10,WhatsApp,Sul,1,0
894,44,4485,25635,202,4,Telefone,Sudeste,0,0
895,66,9612,28664,168,0,Email,Nordeste,1,0
896,30,9967,9453,614,12,WhatsApp,Nordeste,1,1
897,50,1836,39062,86,7,Email,Nordeste,1,0
898,51,11665,4074,654,13,Telefone,Centro-Oeste,1,1
899,58,14268,20669,51,7,Telefone,Nordeste,0,1
900,52,5468,22104,112,2,WhatsApp,Norte,1,1
901,18,2410,24634,463,0,WhatsApp,Nordeste,1,1
902,38,19880,49569,442,3,Email,Sudeste,1,1
903,65,17132,23702,271,8,WhatsApp,Nordeste,0,1
904,72,17779,1184,577,8,WhatsApp,Norte,0,1
905,23,4629,37501,344,14,Telefone,Nordeste,1,1
906,45,6947,46265,183,0,WhatsApp,Sul,1,1
907,34,7629,8507,503,10,Telefone,Norte,0,0
908,22,7350,49879,10,14,Telefone,Centro-Oeste,1,0
909,48,8946,35596,494,6,Email,Nordeste,0,0
910,22,13449,42287,234,5,Telefone,Sudeste,0,0
911,55,10019,9755,298,13,WhatsApp,Nordeste,0,1
912,20,1814,32762,244,6,WhatsApp,Sudeste,1,0
913,70,13237,18593,509,6,Telefone,Sul,0,1
914,40,2634,6282,351,7,WhatsApp,Centro-Oeste,1,0
915,54,12438,1734,267,7,Email,Norte,1,1
916,70,17088,38473,630,9,Telefone,Norte,1,1
917,54,9847,34688,656,13,WhatsApp,Centro-Oeste,0,0
918,27,7092,32496,201,10,Email,Sul,1,0
919,27,19608,29704,239,1,WhatsApp,Sul,0,1
920,36,18770,17652,334,11,WhatsApp,Nordeste,1,1
921,34,12497,42864,415,11,Telefone,Sul,1,1
922,38,2221,25519,484,11,Email,Nordeste,0,0
923,31,10604,19988,437,3,Telefone,Sudeste,1,1
924,26,2370,37623,246,3,WhatsApp,Centro-Oeste,0,0
925,63,8251,20189,8,12,WhatsApp,Sudeste,1,1
926,18,18381,29006,152,14,WhatsApp,Sudeste,1,1
927,68,3256,18215,392,10,WhatsApp,Sudeste,1,0
928,62,2617,41529,211,9,WhatsApp,Sudeste,0,0
929,30,13101,14265,367,11,Telefone,Norte,1,1
930,21,4328,22442,670,12,Email,Sul,0,0
931,18,16496,39212,570,7,WhatsApp,Centro-Oeste,1,0
932,66,19531,40394,86,13,WhatsApp,Centro-Oeste,0,0
933,57,15378,38531,55,12,Email,Sudeste,1,1
934,49,8492,20978,713,12,Telefone,Centro-Oeste,1,0
935,51,15278,23051,634,2,Email,Nordeste,1,0
936,45,8271,48568,446,11,WhatsApp,Centro-Oeste,1,0
937,48,18026,28572,620,12,WhatsApp,Sudeste,0,0
938,25,4935,36061,304,14,Telefone,Centro-Oeste,0,0
939,56,8122,3392,132,12,Telefone,Sul,0,1
940,43,14352,34466,421,11,WhatsApp,Sudeste,1,1
941,51,16306,24895,385,2,Telefone,Norte,1,0
942,71,12123,19256,198,12,WhatsApp,Sul,1,1
943,71,3348,22674,47,1,WhatsApp,Centro-Oeste,1,1
944,20,4196,35151,203,0,Telefone,Norte,1,1
945,67,3217,1297,261,7,WhatsApp,Sul,1,1
946,29,10759,8709,690,13,Telefone,Nordeste,1,1
947,18,4286,41503,24,8,WhatsApp,Sul,1,0
948,71,15654,49806,687,8,WhatsApp,Norte,1,0
949,61,14909,21846,340,10,WhatsApp,Nordeste,1,1
950,22,5291,48525,412,7,WhatsApp,Centro-Oeste,1,0
951,47,5371,28524,261,4,WhatsApp,Sudeste,1,1
952,47,3306,29914,286,0,Telefone,Centro-Oeste,0,0
953,74,19388,41318,513,8,Email,Sudeste,1,0
954,34,14804,6447,86,5,WhatsApp,Sudeste,1,1
955,65,19574,10117,430,11,WhatsApp,Norte,0,1
956,64,17049,21204,581,14,Email,Nordeste,0,0
957,40,4803,29202,31,6,WhatsApp,Nordeste,1,1
958,32,17561,2392,710,7,WhatsApp,Sul,1,0
959,54,16698,30254,603,12,WhatsApp,Centro-Oeste,0,0
960,38,19388,3924,440,4,Telefone,Norte,0,0
961,31,12155,42718,349,5,WhatsApp,Centro-Oeste,1,1
962,19,10424,13918,412,11,Telefone,Sul,0,1
963,28,11440,30386,528,12,WhatsApp,Sul,1,1
964,68,5424,35283,310,6,WhatsApp,Norte,1,1
965,56,11283,23557,396,6,WhatsApp,Sul,1,0
966,55,5985,5333,338,1,Telefone,Norte,1,1
967,51,14129,10394,674,13,Telefone,Sul,0,0
968,55,14733,49210,437,10,WhatsApp,Nordeste,0,0
969,67,14401,42333,704,11,WhatsApp,Norte,0,0
970,51,1691,1065,663,13,Telefone,Nordeste,0,0
971,35,6417,40680,365,0,Email,Nordeste,0,0
972,47,7331,18902,113,7,WhatsApp,Norte,1,1
973,32,11660,43345,176,4,Telefone,Centro-Oeste,0,0
974,44,15182,10815,149,9,WhatsApp,Sudeste,1,1
975,68,13891,13334,178,14,WhatsApp,Sul,0,1
976,51,3374,2814,382,1,WhatsApp,Sul,1,0
977,69,10562,37680,223,2,Telefone,Centro-Oeste,1,1
978,74,6263,4383,259,5,WhatsApp,Sudeste,0,0
979,55,11734,44652,189,9,Email,Centro-Oeste,1,1
980,50,10721,10551,306,5,Telefone,Sudeste,1,1
981,41,12910,41484,378,7,Email,Norte,1,0
982,32,16019,12195,602,4,WhatsApp,Norte,1,0
983,47,2551,23623,343,4,WhatsApp,Nordeste,0,0
984,72,13725,8402,156,6,Email,Nordeste,1,1
985,59,11265,46455,712,9,Telefone,Norte,1,0
986,68,12882,18073,55,12,Email,Nordeste,0,0
987,34,14080,29874,442,13,WhatsApp,Norte,1,1
988,22,13489,12788,685,14,WhatsApp,Centro-Oeste,1,1
989,46,13439,47478,200,4,Telefone,Sul,1,1
990,21,19989,7384,403,14,WhatsApp,Norte,1,1
991,27,1807,11059,614,8,Telefone,Norte,1,0
992,73,4859,18625,663,5,WhatsApp,Norte,0,0
993,34,4676,4188,623,6,WhatsApp,Nordeste,1,1
994,27,2751,24369,603,11,WhatsApp,Nordeste,1,0
995,34,6866,47382,177,7,WhatsApp,Nordeste,1,1
996,37,19401,38637,449,12,WhatsApp,Nordeste,1,1
997,41,7726,45206,541,4,Telefone,Centro-Oeste,0,0
998,22,15830,4523,301,13,WhatsApp,Norte,0,0
999,51,6391,49250,707,10,WhatsApp,Centro-Oeste,1,0
1000,23,6492,17600,307,3,Email,Nordeste,1,1
1001,70,3461,37235,267,14,WhatsApp,Centro-Oeste,0,0
1002,19,13997,7923,214,11,WhatsApp,Norte,1,1
1003,30,12348,39718,594,14,Telefone,Norte,0,0
1004,60,14755,12713,640,7,Email,Nordeste,0,0
1005,60,6067,36483,483,11,WhatsApp,Norte,1,0
1006,65,17579,33658,262,9,WhatsApp,Centro-Oeste,0,1
1007,28,8013,28960,67,8,Telefone,Sudeste,1,1
1008,68,16735,31517,574,0,WhatsApp,Norte,0,0
1009,64,13255,33500,133,2,Telefone,Centro-Oeste,0,1
1010,74,12651,27002,649,11,Email,Centro-Oeste,1,0
1011,40,18067,31490,540,3,Email,Centro-Oeste,1,1
1012,72,4858,20015,512,12,WhatsApp,Norte,1,1
1013,33,11090,30491,211,6,WhatsApp,Sudeste,0,0
1014,48,12488,8134,717,5,Email,Nordeste,1,1
1015,28,9178,11998,253,9,WhatsApp,Nordeste,0,0
1016,71,7198,11416,38,9,WhatsApp,Norte,1,1
1017,33,2773,29877,43,10,Telefone,Norte,0,0
1018,25,12741,33501,629,0,WhatsApp,Sul,1,0
1019,21,18980,1891,405,3,WhatsApp,Sudeste,1,1
1020,57,10997,44352,702,5,Email,Centro-Oeste,1,1
1021,21,10607,42715,46,2,WhatsApp,Centro-Oeste,1,1
1022,73,12773,14684,454,14,WhatsApp,Nordeste,0,0
1023,42,9502,27614,678,1,WhatsApp,Norte,1,0
1024,20,5747,12382,305,1,Telefone,Sudeste,0,0
1025,49,10720,48106,715,9,WhatsApp,Nordeste,0,0
1026,20,12203,17773,233,11,WhatsApp,Sudeste,1,1
1027,44,16972,41170,245,11,Telefone,Norte,1,1
1028,46,18154,46147,295,3,Email,Centro-Oeste,0,1
1029,49,19070,17629,383,12,WhatsApp,Sul,1,1
1030,67,13892,43179,158,0,Email,Sudeste,1,1
1031,68,13456,927,405,14,WhatsApp,Centro-Oeste,0,1
1032,36,17141,31916,1,9,Telefone,Sudeste,0,1
1033,38,15498,1231,217,1,WhatsApp,Sudeste,1,1
1034,22,7805,1299,507,12,WhatsApp,Sudeste,0,0
1035,35,14221,29373,581,9,Telefone,Norte,1,0
1036,45,8495,7525,30,14,WhatsApp,Nordeste,1,1
1037,59,13927,14981,627,1,WhatsApp,Sudeste,1,0
1038,39,15282,25911,520,3,WhatsApp,Norte,0,0
1039,38,3730,31858,275,3,Telefone,Sul,1,0
1040,23,8011,40892,492,0,WhatsApp,Nordeste,0,0
1041,18,18012,15461,36,6,WhatsApp,Norte,1,1
1042,22,10961,22267,311,6,WhatsApp,Sul,1,1
1043,58,6265,41500,44,9,WhatsApp,Nordeste,0,0
1044,29,14772,36635,155,10,WhatsApp,Norte,1,1
1045,43,7052,21892,77,9,WhatsApp,Sul,1,0
1046,63,2127,13762,590,9,WhatsApp,Norte,1,0
1047,51,13489,5729,613,0,WhatsApp,Sul,1,1
1048,66,15280,24272,438,10,Telefone,Sudeste,0,1
1049,31,8089,19299,432,7,Telefone,Sudeste,1,1
1050,43,3544,47015,542,9,Email,Nordeste,0,0
1051,62,14671,24055,39,13,WhatsApp,Sul,1,1
1052,44,7384,27116,239,13,Email,Sudeste,1,0
1053,26,9685,19833,13,6,WhatsApp,Nordeste,1,1
1054,43,1749,4761,122,6,Email,Centro-Oeste,0,0
1055,74,18858,3966,144,10,WhatsApp,Sudeste,1,1
1056,64,10675,47053,684,5,WhatsApp,Sudeste,1,0
1057,74,17760,3588,455,11,WhatsApp,Norte,0,0
1058,39,4172,46283,368,3,WhatsApp,Centro-Oeste,1,0
1059,64,8779,1615,247,10,Email,Sul,0,0
1060,73,10162,5078,45,7,Telefone,Nordeste,0,1
1061,47,3487,3090,375,1,Email,Centro-Oeste,0,0
1062,60,17974,7872,291,6,Telefone,Sul,0,1
1063,65,14448,4073,207,2,WhatsApp,Sudeste,1,1
1064,34,14526,3478,519,13,WhatsApp,Nordeste,0,0
1065,43,4273,43907,242,2,Email,Nordeste,1,0
1066,53,14659,9922,622,13,Telefone,Centro-Oeste,0,1
1067,18,11378,44126,114,6,Telefone,Norte,1,1
1068,25,11678,24197,302,11,WhatsApp,Sul,1,0
1069,66,11877,31320,276,2,Telefone,Centro-Oeste,1,1
1070,52,8847,38243,96,14,Email,Norte,1,1
1071,69,2508,5425,294,14,WhatsApp,Norte,1,0
1072,32,5283,29930,701,4,WhatsApp,Norte,1,0
1073,64,5798,29334,360,7,WhatsApp,Nordeste,0,0
1074,73,6168,24935,288,13,Telefone,Sul,1,0
1075,39,3552,22176,154,12,WhatsApp,Sul,1,0
1076,31,3216,44054,570,3,WhatsApp,Centro-Oeste,0,0
1077,43,1810,20314,423,6,WhatsApp,Sudeste,1,1
1078,45,15891,15216,50,6,Telefone,Centro-Oeste,1,1
1079,40,2760,28028,207,1,WhatsApp,Sul,1,0
1080,31,14657,2495,564,13,WhatsApp,Nordeste,1,1
1081,41,12960,22914,662,7,Email,Centro-Oeste,1,1
1082,19,18468,14344,565,9,Email,Sudeste,1,1
1083,62,15511,37159,213,11,WhatsApp,Centro-Oeste,0,0
1084,43,4366,16022,66,9,Telefone,Norte,0,0
1085,31,15865,40413,232,14,Telefone,Sudeste,0,0
1086,73,7398,8998,663,13,WhatsApp,Norte,0,0
1087,68,19895,42822,717,8,WhatsApp,Nordeste,0,0
1088,24,7751,2602,320,5,WhatsApp,Sul,1,1
1089,20,6439,36298,137,13,WhatsApp,Centro-Oeste,0,0
1090,64,5506,9024,647,4,WhatsApp,Centro-Oeste,1,0
1091,40,3125,31346,566,0,Email,Norte,1,0
1092,63,12456,8607,65,0,WhatsApp,Norte,1,1
1093,60,18774,49894,514,8,Telefone,Sul,1,1
1094,64,7578,18768,132,13,WhatsApp,Centro-Oeste,0,0
1095,62,10423,48203,334,3,Telefone,Sul,0,0
1096,35,5461,24899,32,0,WhatsApp,Norte,1,1
1097,55,10306,10124,498,10,Telefone,Norte,1,1
1098,52,19603,27626,243,9,Telefone,Sudeste,1,1
1099,68,15058,23631,192,11,Telefone,Norte,1,1
1100,32,8186,49091,142,2,WhatsApp,Norte,0,1
1101,42,3087,21214,660,5,Telefone,Sul,0,1
1102,72,11303,41131,601,13,Email,Sudeste,1,0
1103,54,18780,36377,561,10,Telefone,Sudeste,0,0
1104,45,11850,19070,648,12,WhatsApp,Centro-Oeste,1,1
1105,27,12954,12982,191,12,Telefone,Nordeste,1,0
1106,56,17349,34818,149,10,WhatsApp,Centro-Oeste,0,1
1107,74,8337,33914,599,7,Email,Centro-Oeste,1,0
1108,34,2949,21540,416,12,Telefone,Centro-Oeste,1,0
1109,56,6954,13907,520,9,WhatsApp,Sudeste,1,0
1110,39,10924,45968,16,1,WhatsApp,Sul,0,0
1111,43,5617,33805,106,7,WhatsApp,Norte,1,1
1112,61,10369,14666,283,13,Email,Sudeste,0,0
1113,42,12350,7072,104,12,WhatsApp,Norte,1,1
1114,34,19912,33502,361,0,WhatsApp,Norte,1,1
1115,30,15843,27472,658,10,Email,Nordeste,0,1
1116,37,8345,47335,35,1,WhatsApp,Centro-Oeste,0,0
1117,42,6124,42964,113,7,WhatsApp,Nordeste,0,0
1118,21,10348,47418,308,6,Telefone,Centro-Oeste,1,1
1119,27,18049,23423,53,4,WhatsApp,Sudeste,0,1
1120,20,14636,2409,81,14,WhatsApp,Norte,1,1
1121,58,2089,45418,616,12,WhatsApp,Nordeste,0,0
1122,62,8009,33348,369,9,Telefone,Sudeste,1,0
1123,35,9193,2583,242,1,Email,Sudeste,1,1
1124,64,10954,46646,31,8,WhatsApp,Centro-Oeste,1,1
1125,53,17955,48485,704,4,WhatsApp,Norte,1,1
1126,64,13208,17640,361,7,WhatsApp,Centro-Oeste,0,0
1127,39,14442,3170,233,12,Email,Centro-Oeste,1,1
1128,51,18152,37019,610,3,WhatsApp,Sudeste,1,1
1129,64,11468,45012,34,13,Email,Centro-Oeste,1,1
1130,25,3962,38529,243,8,WhatsApp,Sul,1,0
1131,57,10960,15191,59,9,Email,Norte,1,1
1132,66,2515,40120,529,6,Telefone,Centro-Oeste,1,0
1133,61,10775,34762,78,1,Telefone,Centro-Oeste,1,1
1134,36,14769,26095,718,2,WhatsApp,Nordeste,0,0
1135,59,1906,33940,302,13,Telefone,Norte,1,0
1136,58,8884,9130,678,1,WhatsApp,Norte,1,0
1137,54,12768,31750,112,4,WhatsApp,Centro-Oeste,1,1
1138,23,18869,29298,413,1,WhatsApp,Sul,1,1
1139,69,13295,43536,317,4,Email,Nordeste,1,1
1140,43,5985,33712,145,12,Telefone,Sul,0,0
1141,51,10401,42425,668,8,Telefone,Centro-Oeste,1,0
1142,73,4118,12482,690,1,Telefone,Norte,1,0
1143,62,11103,9155,648,8,WhatsApp,Norte,0,0
1144,23,8428,19082,18,6,Email,Sul,1,1
1145,54,6868,35555,351,6,Telefone,Sudeste,0,0
1146,74,6121,45225,155,13,Telefone,Centro-Oeste,0,0
1147,50,16219,4508,506,4,WhatsApp,Norte,1,0
1148,70,12626,44964,360,7,Email,Sudeste,1,0
1149,39,9066,42372,332,6,Email,Norte,1,0
1150,38,13806,996,528,5,Telefone,Norte,1,1
1151,23,16586,34731,12,1,WhatsApp,Sudeste,1,1
1152,23,18887,23712,75,5,Telefone,Sul,1,1
1153,72,19823,21137,212,13,Telefone,Centro-Oeste,0,1
1154,65,19519,45727,691,1,WhatsApp,Sudeste,1,1
1155,21,11390,17377,641,0,WhatsApp,Sudeste,1,0
1156,47,9595,18310,283,8,WhatsApp,Norte,1,0
1157,28,14219,10384,195,12,Telefone,Sudeste,0,1
1158,47,11783,3223,30,4,WhatsApp,Centro-Oeste,1,1
1159,48,19779,5261,9,9,WhatsApp,Sul,1,1
1160,41,15731,8130,309,9,Telefone,Sul,1,1
1161,72,16198,16875,445,3,Telefone,Sul,0,0
1162,26,18957,42009,310,11,WhatsApp,Centro-Oeste,0,1
1163,72,6684,25718,677,10,WhatsApp,Norte,0,0
1164,20,3902,31065,705,7,Email,Centro-Oeste,1,0
1165,68,6395,37618,426,14,Telefone,Sudeste,1,0
1166,48,12904,33475,704,4,WhatsApp,Nordeste,0,0
1167,57,16661,27573,591,13,Email,Nordeste,0,0
1168,54,10843,4690,691,6,WhatsApp,Nordeste,0,0
1169,53,12137,2383,91,2,Email,Sul,1,1
1170,41,3456,3386,456,14,WhatsApp,Centro-Oeste,0,0
1171,48,8523,9453,444,7,WhatsApp,Centro-Oeste,1,1
1172,23,15562,8881,79,7,WhatsApp,Sul,0,1
1173,19,15833,23738,475,2,WhatsApp,Sudeste,1,1
1174,37,5407,14295,103,8,Telefone,Nordeste,1,0
1175,45,2307,30928,623,13,Telefone,Nordeste,0,0
1176,28,15531,10138,456,7,Email,Sul,1,1
1177,21,6327,5431,314,0,WhatsApp,Nordeste,1,0
1178,32,15199,43123,247,7,WhatsApp,Norte,1,1
1179,23,6024,38992,234,11,WhatsApp,Centro-Oeste,1,1
1180,71,16693,26911,594,10,WhatsApp,Nordeste,0,0
1181,66,17723,45688,644,14,Telefone,Nordeste,1,0
1182,47,6813,21034,235,3,WhatsApp,Norte,1,1
1183,73,15098,37328,387,5,Telefone,Sudeste,1,1
1184,55,14558,29681,611,13,Telefone,Sudeste,1,1
1185,68,18641,38033,38,12,WhatsApp,Norte,0,1
1186,74,6387,20496,161,9,Telefone,Sudeste,0,0
1187,19,5354,7053,462,8,WhatsApp,Sul,1,1
1188,32,13958,40646,449,4,WhatsApp,Norte,1,0
1189,28,16036,18573,117,6,Telefone,Centro-Oeste,1,1
1190,25,5058,7630,241,12,WhatsApp,Centro-Oeste,0,1
1191,43,11272,29905,26,14,WhatsApp,Centro-Oeste,1,1
1192,68,18845,36454,648,0,Telefone,Nordeste,1,1
1193,62,5075,6289,562,8,WhatsApp,Norte,1,1
1194,61,3918,29430,298,13,Telefone,Norte,0,0
1195,22,5698,49390,154,5,WhatsApp,Sudeste,0,0
1196,23,2501,18029,652,10,WhatsApp,Norte,0,0
1197,43,8619,8442,468,3,Email,Norte,0,0
1198,71,11173,8048,49,5,Telefone,Sudeste,1,1
1199,21,6816,18796,654,4,WhatsApp,Norte,1,0
1200,36,17744,32744,46,2,WhatsApp,Norte,1,1
1201,37,18306,796,675,6,Email,Sul,0,1
1202,50,13373,2909,285,2,WhatsApp,Sudeste,1,1
1203,37,5766,34729,628,12,Telefone,Sul,1,0
1204,66,9049,31346,82,13,Telefone,Nordeste,0,0
1205,29,12089,35536,44,14,Telefone,Sudeste,1,1
1206,64,3157,39822,706,12,Telefone,Norte,1,0
1207,18,8263,49659,273,1,Telefone,Norte,1,0
1208,43,4664,27667,394,13,Telefone,Sul,0,0
1209,31,19937,29491,595,3,Email,Sul,1,1
1210,55,9979,18301,58,6,Telefone,Nordeste,1,1
1211,54,7237,7858,565,4,WhatsApp,Nordeste,1,1
1212,28,19331,23088,1,13,WhatsApp,Norte,1,1
1213,53,7509,18171,216,8,Telefone,Centro-Oeste,0,0
1214,30,18491,18002,317,9,Email,Nordeste,1,1
1215,60,6052,25628,228,14,WhatsApp,Norte,1,1
1216,20,19648,32145,473,6,WhatsApp,Nordeste,1,1
1217,50,10917,8137,484,11,Email,Sudeste,0,1
1218,23,10721,1160,671,13,Telefone,Sul,1,0
1219,67,4171,42175,287,8,WhatsApp,Norte,1,0
1220,73,8019,7422,511,13,Telefone,Nordeste,1,0
1221,27,5462,28661,578,8,Email,Sul,1,0
1222,22,14234,45221,458,11,Email,Centro-Oeste,1,1
1223,40,14622,4470,95,1,Telefone,Nordeste,1,1
1224,27,5222,3907,493,14,WhatsApp,Norte,1,0
1225,61,6406,28343,150,0,Email,Sudeste,0,0
1226,19,8763,9546,23,10,Telefone,Sul,0,0
1227,30,15199,24300,215,3,Email,Sul,1,1
1228,57,12588,15047,399,3,WhatsApp,Sudeste,1,1
1229,19,2308,38028,410,12,WhatsApp,Norte,1,0
1230,37,10670,31889,131,1,WhatsApp,Centro-Oeste,0,0
1231,18,17760,30846,148,2,WhatsApp,Sudeste,0,1
1232,54,18609,23248,381,2,Telefone,Centro-Oeste,1,1
1233,26,12193,46733,109,4,Email,Norte,1,1
1234,34,9201,37355,552,0,Telefone,Nordeste,1,0
1235,26,19100,26348,121,8,Email,Nordeste,1,1
1236,28,15691,8107,295,7,WhatsApp,Norte,0,0
1237,32,18856,37287,120,7,Telefone,Centro-Oeste,1,1
1238,41,15204,34083,456,2,Email,Sudeste,1,0
1239,55,3623,13063,530,1,Telefone,Norte,1,0
1240,72,13033,46560,169,0,Telefone,Norte,0,0
1241,52,18108,49426,710,11,Telefone,Nordeste,0,0
1242,47,15948,34190,143,5,Telefone,Sudeste,1,1
1243,48,16086,46197,37,12,WhatsApp,Nordeste,0,0
1244,66,3314,29676,698,9,Email,Centro-Oeste,0,0
1245,22,14501,15425,261,0,Email,Centro-Oeste,0,1
1246,61,18990,21751,231,13,WhatsApp,Sul,1,1
1247,67,18008,18148,254,10,Telefone,Norte,0,1
1248,31,14880,20608,329,4,Telefone,Sudeste,1,1
1249,70,16906,11479,297,8,Telefone,Sudeste,1,1
1250,73,4431,3222,10,10,Telefone,Nordeste,1,1
1251,28,15067,5855,446,8,Email,Nordeste,1,1
1252,26,15538,46569,230,12,WhatsApp,Sudeste,1,1
1253,51,13817,29299,536,11,WhatsApp,Nordeste,1,1
1254,29,4471,35818,78,14,Email,Sul,0,0
1255,52,3517,33205,425,3,Telefone,Norte,1,0
1256,52,3915,44409,193,6,Email,Sul,1,0
1257,18,3109,23570,401,13,WhatsApp,Centro-Oeste,1,1
1258,57,2217,11784,109,10,WhatsApp,Sudeste,1,1
1259,39,14162,22237,263,6,Email,Sul,1,1
1260,46,8282,23741,329,3,WhatsApp,Sul,1,0
1261,25,2548,27914,363,4,Email,Nordeste,1,0
1262,28,13118,21395,378,10,Email,Nordeste,1,0
1263,58,9807,27271,341,8,Telefone,Nordeste,1,1
1264,54,9405,1884,259,6,WhatsApp,Centro-Oeste,1,1
1265,31,11493,23189,335,6,Telefone,Sul,1,1
1266,47,11838,27975,85,9,Email,Norte,1,1
1267,52,7078,8752,522,6,WhatsApp,Nordeste,0,0
1268,38,15334,31344,571,14,WhatsApp,Centro-Oeste,0,0
1269,54,19504,30651,308,8,WhatsApp,Centro-Oeste,0,0
1270,22,8048,40506,262,4,WhatsApp,Nordeste,0,0
1271,36,8881,23865,631,5,Email,Sudeste,1,0
1272,31,4441,6526,680,2,Email,Sul,0,0
1273,43,7195,33267,701,0,Email,Nordeste,1,0
1274,21,7901,29023,452,10,Telefone,Norte,0,0
1275,42,16679,10982,251,11,Telefone,Sul,0,1
1276,62,15956,47069,324,1,WhatsApp,Centro-Oeste,0,0
1277,59,14597,49388,229,7,Telefone,Norte,1,1
1278,42,7697,48848,702,12,Telefone,Sul,1,1
1279,35,6950,41932,636,0,Email,Norte,1,0
1280,57,19437,25608,596,9,Email,Centro-Oeste,1,1
1281,25,18896,993,297,6,Email,Nordeste,1,1
1282,56,9878,16965,237,4,Email,Norte,1,1
1283,57,3381,40267,625,12,Email,Nordeste,0,0
1284,31,8299,30050,217,5,WhatsApp,Centro-Oeste,0,0
1285,49,16097,14333,246,7,Email,Centro-Oeste,0,0
1286,68,15175,3470,448,3,Telefone,Norte,0,1
1287,55,6086,33279,319,5,WhatsApp,Norte,0,0
1288,50,9930,30458,432,13,WhatsApp,Centro-Oeste,0,0
1289,40,3845,48819,404,10,Telefone,Norte,1,1
1290,32,17959,17645,37,2,WhatsApp,Norte,1,1
1291,50,11048,36453,576,6,WhatsApp,Norte,0,0
1292,42,7377,49677,342,1,Telefone,Norte,1,0
1293,34,8285,2306,389,11,Email,Sul,1,1
1294,50,17333,6164,34,7,Email,Centro-Oeste,0,1
1295,64,6422,29400,39,12,WhatsApp,Centro-Oeste,1,1
1296,72,6186,14626,579,6,WhatsApp,Sudeste,0,0
1297,19,15907,46162,209,11,WhatsApp,Nordeste,0,1
1298,31,19786,5654,152,11,WhatsApp,Sudeste,1,1
1299,70,13705,22708,365,7,WhatsApp,Norte,1,1
1300,57,14679,14267,199,1,Email,Norte,0,0
1301,57,19943,20543,601,2,Telefone,Sul,1,1
1302,68,18024,48494,79,11,WhatsApp,Sul,1,1
1303,56,19673,2025,477,3,WhatsApp,Sul,1,1
1304,68,1516,34028,434,11,Telefone,Sul,1,0
1305,23,14874,17478,32,8,Telefone,Sul,1,1
1306,23,18348,47148,87,11,WhatsApp,Sul,1,1
1307,20,19711,1555,551,11,Email,Sul,0,1
1308,24,7456,10546,393,4,WhatsApp,Sul,1,0
1309,68,17973,36351,613,5,WhatsApp,Sul,1,1
1310,25,6315,16178,244,0,WhatsApp,Centro-Oeste,0,0
1311,59,4343,45376,232,3,Telefone,Sul,1,0
1312,69,17472,27124,580,13,WhatsApp,Nordeste,1,1
1313,32,18853,42918,192,3,WhatsApp,Sul,0,1
1314,64,2594,39225,540,9,WhatsApp,Norte,0,0
1315,46,7624,5755,270,7,Telefone,Norte,0,1
1316,50,2904,9911,77,7,WhatsApp,Sul,1,0
1317,69,5482,49612,167,9,WhatsApp,Sul,0,0
1318,47,14015,42959,284,5,WhatsApp,Norte,0,0
1319,56,17290,36663,704,7,WhatsApp,Nordeste,0,0
1320,44,13705,34471,89,8,Telefone,Sudeste,1,1
1321,53,14248,31735,544,4,WhatsApp,Centro-Oeste,1,0
1322,46,4592,19694,649,0,WhatsApp,Norte,1,0
1323,55,15471,19976,156,0,Telefone,Sul,0,1
1324,74,16116,3544,250,1,WhatsApp,Centro-Oeste,1,1
1325,50,6433,40540,95,1,WhatsApp,Sul,1,1
1326,54,6426,21557,17,4,WhatsApp,Sudeste,1,0
1327,44,5469,4014,117,6,Email,Sudeste,1,1
1328,72,4465,10490,333,6,Telefone,Norte,0,0
1329,50,5819,39460,522,14,Email,Centro-Oeste,0,0
1330,21,10475,44035,80,3,Email,Centro-Oeste,0,0
1331,39,8608,49796,646,12,Email,Sudeste,1,0
1332,19,10641,8007,432,3,Telefone,Sul,1,1
1333,27,17928,5357,203,13,Telefone,Norte,1,1
1334,22,3310,12618,116,13,WhatsApp,Nordeste,1,1
1335,27,11773,3646,220,10,WhatsApp,Sudeste,1,1
1336,50,10521,26901,253,14,Telefone,Sudeste,0,0
1337,71,19793,26677,169,9,Email,Norte,0,1
1338,55,7864,39024,316,2,WhatsApp,Sul,1,0
1339,30,4081,4914,717,10,Telefone,Centro-Oeste,1,0
1340,48,2191,17994,372,1,WhatsApp,Sudeste,1,0
1341,64,2431,20937,583,2,WhatsApp,Norte,1,0
1342,53,14628,4437,156,7,WhatsApp,Norte,0,1
1343,62,15726,37231,614,14,Telefone,Norte,0,1
1344,41,15361,21826,13,0,WhatsApp,Centro-Oeste,1,1
1345,69,16975,39165,508,3,Telefone,Sudeste,1,0
1346,73,4906,9474,465,6,Email,Norte,1,0
1347,32,9839,47645,220,4,Email,Centro-Oeste,1,1
1348,46,18916,18000,15,1,WhatsApp,Sul,0,1
1349,25,19195,49324,117,0,Email,Nordeste,0,0
1350,22,10079,2250,331,5,WhatsApp,Sudeste,1,1
1351,46,4621,4527,56,12,WhatsApp,Centro-Oeste,0,0
1352,64,19757,44796,351,12,Telefone,Nordeste,1,1
1353,21,17446,6245,132,4,WhatsApp,Nordeste,1,1
1354,29,5248,21948,226,2,WhatsApp,Centro-Oeste,1,1
1355,62,1777,42947,308,10,WhatsApp,Centro-Oeste,1,0
1356,19,19743,28951,475,10,Telefone,Centro-Oeste,1,1
1357,44,13063,28707,222,14,WhatsApp,Norte,1,1
1358,48,8292,6438,173,10,Telefone,Sul,0,0
1359,68,15418,12650,340,8,Telefone,Norte,0,0
1360,68,11874,13906,506,2,Telefone,Nordeste,1,0
1361,53,6175,20281,157,1,Email,Nordeste,0,0
1362,53,2670,38121,151,4,WhatsApp,Nordeste,1,0
1363,43,10181,18825,697,8,WhatsApp,Centro-Oeste,1,0
1364,60,12217,3648,178,7,WhatsApp,Sudeste,0,0
1365,44,13950,29379,533,5,WhatsApp,Norte,0,0
1366,22,12180,49511,112,2,Telefone,Sudeste,0,0
1367,37,11568,8433,683,5,WhatsApp,Sul,1,0
1368,28,3962,9936,138,4,WhatsApp,Sul,1,1
1369,27,15150,18169,233,0,Telefone,Norte,1,1
1370,57,1787,6974,332,4,Telefone,Nordeste,0,1
1371,55,19791,47947,542,13,Telefone,Sul,0,1
1372,23,2661,11728,307,6,Email,Sudeste,0,0
1373,25,18013,34038,161,8,Telefone,Sudeste,1,1
1374,40,3863,2343,402,11,Telefone,Centro-Oeste,0,0
1375,64,7483,573,590,14,WhatsApp,Nordeste,0,0
1376,43,18027,16559,278,0,Email,Centro-Oeste,0,1
1377,63,9707,21233,320,2,Telefone,Norte,1,1
1378,60,16258,41268,533,7,WhatsApp,Sul,1,1
1379,29,1744,25895,497,5,WhatsApp,Centro-Oeste,1,0
1380,43,18810,20702,363,12,Telefone,Centro-Oeste,1,1
1381,30,4678,13773,372,4,Email,Norte,1,0
1382,57,3676,49389,655,12,WhatsApp,Sudeste,0,0
1383,35,6502,33599,36,9,WhatsApp,Sudeste,0,0
1384,42,2386,8012,303,1,Email,Norte,1,0
1385,50,15221,28731,438,2,Email,Sudeste,0,0
1386,64,13642,23774,32,11,WhatsApp,Norte,0,1
1387,57,4154,38199,186,1,WhatsApp,Sudeste,0,0
1388,60,13484,46010,174,0,Telefone,Norte,0,0
1389,29,19255,22909,566,6,WhatsApp,Sudeste,0,0
1390,61,8635,46694,673,13,Email,Centro-Oeste,1,0
1391,53,1820,5613,250,2,WhatsApp,Centro-Oeste,0,0
1392,65,6154,41687,279,6,WhatsApp,Sudeste,0,0
1393,21,17631,3381,683,11,WhatsApp,Norte,0,0
1394,22,12270,46413,695,6,WhatsApp,Centro-Oeste,1,1
1395,73,8053,46824,2,7,WhatsApp,Sul,1,1
1396,54,13059,19749,194,0,WhatsApp,Sudeste,0,0
1397,25,10509,35843,166,4,Telefone,Sul,1,1
1398,59,14982,13214,110,9,WhatsApp,Sul,0,1
1399,66,8998,39453,380,8,Email,Nordeste,1,1
1400,45,8136,9156,583,11,WhatsApp,Sul,1,1
1401,48,8862,6241,676,10,Telefone,Sul,1,0
1402,26,17895,17161,285,6,WhatsApp,Nordeste,1,1
1403,71,18078,32055,421,0,WhatsApp,Nordeste,0,0
1404,68,4037,29190,113,7,Telefone,Nordeste,1,1
1405,46,16716,33333,228,2,Telefone,Norte,0,1
1406,31,4509,37530,471,12,Telefone,Nordeste,1,0
1407,57,15709,6204,528,3,Telefone,Norte,0,1
1408,58,17175,48623,496,3,Telefone,Sudeste,1,1
1409,39,16529,41862,31,14,WhatsApp,Norte,0,1
1410,28,3577,12675,162,9,Email,Sudeste,0,0
1411,40,15407,13196,705,13,Telefone,Nordeste,1,1
1412,18,5367,39523,378,11,Email,Nordeste,1,1
1413,63,17652,40709,446,7,Email,Sudeste,0,1
1414,54,6373,28554,427,0,WhatsApp,Centro-Oeste,0,0
1415,38,10135,21576,696,7,WhatsApp,Norte,1,0
1416,43,1797,15486,504,8,Telefone,Sul,0,0
1417,63,14595,46618,527,8,Telefone,Nordeste,1,1
1418,53,10536,14940,684,4,Telefone,Norte,1,1
1419,71,2515,8460,532,3,Telefone,Norte,1,0
1420,40,2884,22962,582,3,WhatsApp,Nordeste,0,0
1421,74,10245,18321,520,8,WhatsApp,Sudeste,1,0
1422,18,19153,27758,34,14,WhatsApp,Nordeste,0,1
1423,71,2760,27853,691,7,Telefone,Norte,0,0
1424,72,9201,23916,490,9,Telefone,Centro-Oeste,1,1
1425,68,11901,22615,620,14,WhatsApp,Sudeste,0,0
1426,57,17019,46933,423,9,Telefone,Nordeste,0,0
1427,32,13364,25468,468,11,WhatsApp,Sul,1,1
1428,38,17181,23231,24,6,WhatsApp,Nordeste,1,1
1429,64,7043,23285,216,11,Telefone,Norte,1,1
1430,26,19765,39897,55,2,WhatsApp,Norte,0,1
1431,70,13988,14328,26,3,Telefone,Sul,0,1
1432,26,11579,5041,281,14,Email,Sudeste,1,1
1433,27,12244,41144,327,8,Email,Norte,1,1
1434,69,5309,13811,186,13,WhatsApp,Sudeste,0,0
1435,74,8706,31031,495,12,WhatsApp,Sudeste,1,0
1436,70,15246,15088,12,7,Telefone,Nordeste,0,1
1437,43,17495,49916,641,11,Telefone,Sudeste,0,0
1438,58,17535,12880,434,11,Telefone,Norte,0,0
1439,52,13171,43145,208,0,WhatsApp,Norte,1,1
1440,69,14710,18318,133,2,WhatsApp,Centro-Oeste,0,1
1441,42,19293,31357,339,13,Telefone,Sudeste,0,1
1442,43,6697,22211,196,11,Telefone,Centro-Oeste,0,0
1443,28,17053,5597,262,9,WhatsApp,Nordeste,1,1
1444,55,8952,28893,282,1,WhatsApp,Centro-Oeste,1,1
1445,19,10218,22576,369,1,Telefone,Sudeste,0,0
1446,24,16359,19238,103,12,WhatsApp,Norte,1,1
1447,35,3672,29817,632,12,WhatsApp,Nordeste,0,0
1448,44,14658,39729,183,7,WhatsApp,Sudeste,1,1
1449,51,18163,7544,423,5,WhatsApp,Nordeste,1,1
1450,44,12585,5997,9,11,Telefone,Sul,1,1
1451,34,5481,14251,557,11,WhatsApp,Sudeste,0,0
1452,60,6747,30382,244,11,WhatsApp,Sul,1,0
1453,61,12053,42572,624,12,WhatsApp,Centro-Oeste,1,0
1454,68,7635,43694,567,5,WhatsApp,Sudeste,1,0
1455,71,7073,44326,393,3,Telefone,Sul,1,0
1456,41,15231,22949,527,0,WhatsApp,Norte,1,1
1457,42,8689,44528,37,10,Telefone,Centro-Oeste,1,1
1458,24,16041,33902,178,6,WhatsApp,Sudeste,0,0
1459,69,12378,33043,639,7,WhatsApp,Sudeste,1,1
1460,23,12587,29862,629,1,WhatsApp,Norte,1,0
1461,70,15167,27815,72,1,WhatsApp,Norte,1,1
1462,41,4276,28246,352,0,Telefone,Sul,0,0
1463,50,10811,10557,623,3,WhatsApp,Sul,1,0
1464,66,9197,46613,149,5,Email,Sul,1,1
1465,46,16129,43415,697,13,WhatsApp,Nordeste,1,1
1466,60,9886,21561,105,4,WhatsApp,Centro-Oeste,0,0
1467,39,18546,34657,659,3,WhatsApp,Sudeste,1,1
1468,43,9544,46339,221,13,Telefone,Centro-Oeste,1,1
1469,45,11115,11822,374,3,WhatsApp,Norte,0,0
1470,67,16534,4776,518,9,WhatsApp,Centro-Oeste,1,1
1471,38,6560,12806,260,14,WhatsApp,Centro-Oeste,1,1
1472,66,12400,34517,299,6,WhatsApp,Sul,1,1
1473,24,7081,28242,42,6,Email,Norte,1,1
1474,34,3514,32100,492,1,Telefone,Centro-Oeste,0,0
1475,37,14497,18129,439,12,Telefone,Sudeste,1,1
1476,58,12135,8745,47,6,Telefone,Sul,1,1
1477,66,15148,31914,85,1,Telefone,Centro-Oeste,1,1
1478,37,8648,44370,686,3,WhatsApp,Norte,1,0
1479,71,15522,30598,58,14,Telefone,Sudeste,0,1
1480,39,7419,49494,711,0,WhatsApp,Norte,1,0
1481,45,17386,11088,209,4,WhatsApp,Norte,0,1
1482,57,8138,942,248,0,Telefone,Norte,1,1
1483,66,6151,40244,211,3,Telefone,Nordeste,1,1
1484,24,2109,37943,39,12,Telefone,Sudeste,1,1
1485,18,9440,12303,252,8,Telefone,Norte,1,1
1486,49,11848,41221,643,12,WhatsApp,Nordeste,1,0
1487,30,5366,37645,413,11,WhatsApp,Sul,1,0
1488,47,18255,11099,446,7,WhatsApp,Nordeste,1,1
1489,40,18499,7558,52,5,Telefone,Sul,1,1
1490,68,3753,17706,374,14,Email,Nordeste,0,0
1491,73,6442,12394,526,7,WhatsApp,Norte,1,0
1492,36,13830,3439,156,4,WhatsApp,Nordeste,0,0
1493,49,2364,22649,542,6,WhatsApp,Nordeste,1,0
1494,47,2768,1531,90,7,Email,Norte,1,0
1495,46,8954,10708,679,6,Telefone,Sul,1,0
1496,66,15166,1062,351,13,WhatsApp,Norte,0,0
1497,62,13870,43998,69,3,Email,Sudeste,0,1
1498,46,6729,49992,163,4,Email,Nordeste,0,0
1499,47,17809,21451,242,12,WhatsApp,Sudeste,1,1
1500,33,5554,49420,495,13,Email,Norte,0,0
1501,57,2435,47266,383,9,WhatsApp,Norte,0,0
1502,36,13672,28851,52,5,WhatsApp,Centro-Oeste,0,1
1503,35,12030,19180,654,13,WhatsApp,Sudeste,0,0
1504,18,17060,49886,63,13,Email,Centro-Oeste,1,1
1505,31,17656,22086,509,11,Telefone,Sudeste,1,1
1506,68,18209,9808,292,10,WhatsApp,Centro-Oeste,1,1
1507,64,11226,10109,91,5,Email,Centro-Oeste,1,1
1508,67,9274,29995,664,12,WhatsApp,Sudeste,1,0
1509,19,3485,18175,424,8,Telefone,Norte,1,0
1510,71,15752,28564,669,9,Telefone,Sul,1,0
1511,45,6103,9220,365,13,WhatsApp,Norte,1,1
1512,66,17460,43440,150,13,WhatsApp,Sul,0,1
1513,67,10962,14957,271,1,Email,Sudeste,1,1
1514,47,15666,3439,581,5,WhatsApp,Nordeste,1,1
1515,55,9254,47613,116,12,Telefone,Norte,1,0
1516,68,15746,49426,704,2,Telefone,Centro-Oeste,1,0
1517,21,5578,38703,516,13,Telefone,Norte,1,0
1518,18,14353,23865,587,1,WhatsApp,Sudeste,1,1
1519,25,19251,5892,241,5,WhatsApp,Nordeste,1,1
1520,46,5542,26405,30,3,WhatsApp,Nordeste,1,1
1521,72,17784,8472,143,4,Email,Norte,0,0
1522,56,15889,31153,326,4,WhatsApp,Norte,0,0
1523,20,4075,26829,695,2,WhatsApp,Norte,0,0
1524,49,8254,19684,16,11,Email,Sudeste,1,1
1525,27,19465,15299,111,3,Telefone,Sul,0,1
1526,27,3486,15552,713,2,WhatsApp,Sul,0,0
1527,36,16970,6544,107,6,Email,Centro-Oeste,0,1
1528,63,7468,20371,379,14,Telefone,Sudeste,0,1
1529,51,8993,24267,162,0,WhatsApp,Nordeste,1,0
1530,50,5603,47683,283,14,WhatsApp,Centro-Oeste,0,0
1531,40,3576,20734,269,5,Telefone,Nordeste,1,0
1532,72,4494,21881,484,3,Telefone,Nordeste,0,0
1533,45,5244,17774,667,0,WhatsApp,Norte,0,0
1534,49,15966,47126,73,0,WhatsApp,Nordeste,1,1
1535,67,16023,22804,197,4,WhatsApp,Nordeste,1,1
1536,24,7094,18072,243,13,Telefone,Sudeste,1,1
1537,46,9031,38912,598,4,WhatsApp,Norte,0,0
1538,25,8871,26465,259,9,WhatsApp,Norte,1,1
1539,18,16047,18884,149,6,Telefone,Centro-Oeste,1,1
1540,74,19528,18355,390,12,Telefone,Norte,1,1
1541,72,4644,18420,416,11,Telefone,Sul,1,1
1542,20,15490,17202,426,3,WhatsApp,Sudeste,0,0
1543,41,15583,38421,702,13,WhatsApp,Centro-Oeste,1,1
1544,40,18126,2394,217,8,WhatsApp,Sul,1,1
1545,25,9454,31485,86,3,Email,Nordeste,1,0
1546,71,8769,28787,216,6,Telefone,Sul,0,0
1547,74,8630,8491,423,4,WhatsApp,Centro-Oeste,1,0
1548,64,8328,15939,320,14,WhatsApp,Norte,0,0
1549,54,10344,29584,118,4,Telefone,Sudeste,1,1
1550,20,15720,42735,415,5,Telefone,Centro-Oeste,0,0
1551,68,7831,28159,599,7,WhatsApp,Sul,1,0
1552,50,14897,25476,40,14,Email,Sul,0,0
1553,45,19383,39203,161,4,Telefone,Centro-Oeste,1,1
1554,64,11791,17607,703,14,Telefone,Centro-Oeste,0,0
1555,25,11664,2829,537,2,Email,Centro-Oeste,1,0
1556,51,11950,42595,420,5,Telefone,Norte,0,0
1557,52,3535,3270,664,13,Telefone,Centro-Oeste,1,0
1558,49,12963,5346,95,11,Email,Nordeste,1,1
1559,41,9477,17151,442,13,WhatsApp,Sudeste,1,0
1560,31,18741,49544,558,1,WhatsApp,Sudeste,1,1
1561,49,13682,15133,650,11,Email,Nordeste,0,0
1562,73,1798,14128,466,11,Telefone,Sul,1,0
1563,63,2423,1069,288,7,Email,Sul,0,0
1564,60,14831,2473,676,7,WhatsApp,Sul,1,0
1565,33,8078,36090,412,14,Telefone,Sul,0,0
1566,21,6375,33538,400,2,WhatsApp,Norte,1,0
1567,69,13754,49588,528,11,Telefone,Nordeste,1,0
1568,54,19686,8141,18,7,WhatsApp,Sudeste,1,1
1569,71,12405,9430,136,8,WhatsApp,Nordeste,1,1
1570,38,14853,7180,464,4,WhatsApp,Sudeste,1,1
1571,31,17382,1757,248,4,Telefone,Sul,1,1
1572,48,11163,8750,710,5,WhatsApp,Norte,0,0
1573,72,2441,38638,1,6,WhatsApp,Centro-Oeste,1,0
1574,65,3407,29257,702,2,WhatsApp,Centro-Oeste,1,0
1575,35,6337,5358,381,4,WhatsApp,Sul,1,0
1576,24,15180,41849,509,0,Email,Sul,0,0
1577,27,19127,13991,460,10,WhatsApp,Nordeste,0,1
1578,24,7196,25794,505,9,WhatsApp,Norte,0,0
1579,50,17726,45704,476,4,Email,Norte,0,0
1580,40,15043,46138,557,3,Telefone,Nordeste,0,1
1581,38,14115,49772,32,0,Telefone,Norte,1,1
1582,36,2966,7408,118,6,Telefone,Norte,1,1
1583,65,19850,11344,184,14,Email,Centro-Oeste,1,1
1584,36,1875,38129,191,0,WhatsApp,Norte,0,0
1585,53,1762,3411,74,12,Email,Sul,0,0
1586,46,13080,9491,623,7,Email,Centro-Oeste,0,0
1587,35,11636,12072,103,13,Telefone,Sul,0,0
1588,19,9333,43566,586,9,Telefone,Sul,1,0
1589,18,3393,30193,420,11,Telefone,Nordeste,0,0
1590,64,9606,40504,473,1,WhatsApp,Norte,1,1
1591,22,13326,38833,114,9,WhatsApp,Norte,1,1
1592,37,3152,17993,379,12,Email,Norte,1,1
1593,28,2099,40197,313,11,Telefone,Norte,1,0
1594,59,19796,18134,330,4,WhatsApp,Centro-Oeste,1,1
1595,19,10292,25061,339,12,Telefone,Sudeste,1,1
1596,20,5137,18533,238,5,Telefone,Sul,1,1
1597,40,11855,7851,173,8,WhatsApp,Sudeste,1,1
1598,72,17489,26421,79,14,Telefone,Sudeste,1,1
1599,29,10790,19840,464,13,Telefone,Sudeste,0,0
1600,37,7099,15401,605,6,WhatsApp,Centro-Oeste,0,0
1601,22,15842,11138,501,5,Email,Sudeste,1,1
1602,54,15445,39096,562,4,WhatsApp,Centro-Oeste,0,0
1603,55,12262,21878,285,5,WhatsApp,Nordeste,1,0
1604,47,15812,44824,223,14,WhatsApp,Nordeste,1,0
1605,26,8882,23320,593,13,Telefone,Nordeste,0,0
1606,51,10482,25560,266,10,WhatsApp,Centro-Oeste,1,0
1607,70,9207,33142,667,3,WhatsApp,Centro-Oeste,1,0
1608,61,18630,25878,373,0,Email,Sul,1,1
1609,52,6133,8650,233,14,WhatsApp,Sudeste,1,0
1610,69,18804,43375,236,11,Telefone,Norte,1,1
1611,39,10769,24559,671,8,Telefone,Norte,1,0
1612,61,15278,35025,314,10,Email,Sudeste,1,1
1613,41,8508,18693,380,4,Telefone,Norte,0,1
1614,34,17023,44467,614,7,WhatsApp,Norte,0,0
1615,27,5118,28301,563,6,WhatsApp,Norte,1,0
1616,47,1772,49563,420,7,Email,Centro-Oeste,0,0
1617,73,14507,26746,52,0,Email,Centro-Oeste,0,0
1618,63,19657,13307,643,8,WhatsApp,Centro-Oeste,1,1
1619,40,4047,18035,509,0,Telefone,Sudeste,1,0
1620,49,4664,5992,205,2,WhatsApp,Nordeste,1,0
1621,34,15914,31857,257,7,Email,Norte,1,1
1622,67,15827,6802,185,11,Email,Sul,1,1
1623,68,17076,32814,145,10,Email,Centro-Oeste,0,1
1624,34,2446,49197,690,0,Email,Sul,1,0
1625,31,16193,5247,14,13,Email,Norte,0,1
1626,26,18390,47506,246,0,WhatsApp,Nordeste,1,1
1627,57,17040,41670,187,5,Email,Sul,0,0
1628,19,8219,11186,337,4,Telefone,Norte,0,0
1629,62,9935,37949,259,10,Email,Norte,0,0
1630,42,12850,19391,40,5,Telefone,Centro-Oeste,1,1
1631,56,5090,36696,601,2,WhatsApp,Nordeste,1,0
1632,26,11564,30428,637,9,Telefone,Norte,1,0
1633,71,19076,7994,418,11,Telefone,Nordeste,1,1
1634,39,19348,37223,351,9,WhatsApp,Centro-Oeste,1,1
1635,60,1890,30377,9,5,WhatsApp,Sul,1,1
1636,63,14168,28481,350,1,Telefone,Sudeste,1,1
1637,21,13069,14526,84,7,WhatsApp,Sudeste,1,1
1638,43,14529,20922,533,14,WhatsApp,Sudeste,1,0
1639,46,14607,9744,358,11,WhatsApp,Nordeste,1,1
1640,62,4060,33981,378,5,Email,Sudeste,0,0
1641,51,7367,24144,172,12,Telefone,Sul,0,0
1642,40,16784,44348,25,12,WhatsApp,Norte,0,1
1643,54,2711,9021,393,3,Telefone,Nordeste,0,0
1644,28,10621,2246,103,3,Telefone,Sul,1,1
1645,23,3039,18091,702,13,WhatsApp,Nordeste,1,0
1646,35,18527,27218,236,10,WhatsApp,Nordeste,1,1
1647,38,10193,3196,410,6,Telefone,Nordeste,1,0
1648,59,10421,12512,549,13,WhatsApp,Centro-Oeste,1,0
1649,53,19167,15188,332,2,Telefone,Norte,0,0
1650,58,11810,23957,664,10,WhatsApp,Sudeste,1,1
1651,55,14244,5536,532,2,WhatsApp,Centro-Oeste,1,1
1652,51,5886,40395,649,5,Email,Norte,1,0
1653,34,18803,30460,29,8,WhatsApp,Sudeste,1,1
1654,54,13742,36986,543,0,Telefone,Centro-Oeste,1,0
1655,42,15757,22659,19,4,WhatsApp,Centro-Oeste,0,1
1656,55,10447,8410,148,0,WhatsApp,Sul,1,1
1657,29,15446,3193,471,0,WhatsApp,Centro-Oeste,1,1
1658,40,7430,16358,491,2,WhatsApp,Nordeste,1,1
1659,70,6902,29310,283,2,WhatsApp,Centro-Oeste,0,0
1660,59,17517,20592,675,3,WhatsApp,Nordeste,0,0
1661,39,2007,23743,113,2,Telefone,Norte,1,1
1662,38,2936,49200,455,5,Telefone,Norte,1,0
1663,44,13118,31005,662,11,WhatsApp,Nordeste,0,0
1664,74,10250,8192,330,14,Email,Sul,1,1
1665,48,17622,29055,255,3,WhatsApp,Sul,0,0
1666,23,8854,6898,599,7,WhatsApp,Norte,0,0
1667,44,12794,7752,399,0,Telefone,Centro-Oeste,1,1
1668,57,15340,12221,610,7,WhatsApp,Norte,1,0
1669,51,5899,18439,508,10,WhatsApp,Norte,1,0
1670,29,6537,12325,644,0,WhatsApp,Nordeste,0,0
1671,62,17348,25751,466,10,Email,Sul,0,0
1672,74,5215,37455,407,0,Telefone,Nordeste,0,0
1673,70,16377,24651,609,6,WhatsApp,Norte,0,0
1674,24,9337,536,98,0,WhatsApp,Sudeste,1,0
1675,27,2801,28912,290,8,Email,Centro-Oeste,0,0
1676,62,8870,18671,657,13,Telefone,Norte,1,1
1677,34,7911,39551,156,14,WhatsApp,Nordeste,1,1
1678,43,7865,33261,162,7,WhatsApp,Sudeste,1,1
1679,38,16949,15702,624,12,WhatsApp,Sudeste,1,1
1680,45,2192,8560,697,14,Telefone,Norte,0,0
1681,63,2978,8565,717,0,Email,Sul,0,0
1682,19,7896,30373,97,1,WhatsApp,Sudeste,1,0
1683,71,9948,37148,377,1,WhatsApp,Centro-Oeste,0,0
1684,60,12122,6432,567,1,Email,Nordeste,1,1
1685,18,18325,26970,450,5,Telefone,Nordeste,1,1
1686,68,11573,8828,117,3,Telefone,Nordeste,1,1
1687,70,4146,6833,605,7,WhatsApp,Norte,1,0
1688,53,6709,47138,716,0,Telefone,Nordeste,1,0
1689,68,8033,11768,506,14,Telefone,Nordeste,1,0
1690,43,8711,5567,189,9,WhatsApp,Centro-Oeste,0,1
1691,46,11427,48884,476,13,Email,Sul,1,0
1692,38,13427,45343,323,3,Email,Norte,0,0
1693,28,10816,17545,596,9,Telefone,Norte,1,1
1694,57,13677,41241,180,10,Telefone,Nordeste,1,1
1695,28,12346,23270,181,4,WhatsApp,Centro-Oeste,0,0
1696,53,9433,43270,693,8,WhatsApp,Sudeste,0,0
1697,66,6976,8387,287,4,WhatsApp,Nordeste,1,1
1698,56,15353,33682,475,12,Telefone,Nordeste,1,1
1699,57,9428,32870,618,10,WhatsApp,Norte,1,1
1700,52,3580,40118,641,2,Email,Norte,1,0
1701,71,7589,25418,262,10,WhatsApp,Nordeste,1,0
1702,51,9297,35997,523,3,Telefone,Norte,0,0
1703,72,18745,28526,162,9,Telefone,Centro-Oeste,1,1
1704,64,9846,12429,487,6,Telefone,Sudeste,1,1
1705,41,2404,48256,181,0,Email,Sudeste,0,0
1706,71,19153,37165,469,10,Email,Sudeste,1,1
1707,39,18288,35437,21,5,WhatsApp,Nordeste,1,1
1708,22,11474,14063,275,7,WhatsApp,Nordeste,1,1
1709,73,2684,29046,260,0,WhatsApp,Nordeste,1,0
1710,50,3225,13388,333,7,Telefone,Centro-Oeste,1,1
1711,53,12880,37838,466,6,WhatsApp,Sudeste,0,0
1712,64,14557,34783,116,0,Telefone,Norte,1,1
1713,37,7106,17458,413,8,WhatsApp,Norte,0,0
1714,36,5456,13134,537,10,Telefone,Sul,1,0
1715,52,18055,19751,257,2,Telefone,Sul,0,1
1716,69,17581,47066,168,1,Telefone,Norte,1,1
1717,60,1921,20428,533,6,Telefone,Sudeste,0,0
1718,34,7040,37745,598,10,WhatsApp,Nordeste,0,0
1719,62,17788,16955,15,2,WhatsApp,Norte,1,1
1720,60,17466,27644,50,0,Telefone,Norte,0,1
1721,51,17382,28513,304,9,WhatsApp,Sul,0,1
1722,26,6175,22376,487,12,Email,Sudeste,1,0
1723,43,10582,27462,416,2,Email,Norte,0,0
1724,19,14509,28584,305,5,Email,Nordeste,0,1
1725,70,8248,42819,196,2,WhatsApp,Nordeste,0,0
1726,26,7603,21643,388,4,Telefone,Centro-Oeste,0,0
1727,26,19357,26591,455,8,WhatsApp,Nordeste,1,1
1728,57,12848,14679,713,6,WhatsApp,Norte,1,1
1729,34,11282,33307,705,1,WhatsApp,Norte,1,0
1730,18,7382,10722,658,0,WhatsApp,Nordeste,0,0
1731,42,7298,24449,310,6,WhatsApp,Sul,1,1
1732,60,11127,16616,127,3,WhatsApp,Sudeste,1,1
1733,57,9915,49317,175,10,Email,Norte,0,0
1734,59,13966,38064,134,6,WhatsApp,Nordeste,0,0
1735,42,11346,37874,66,5,Email,Nordeste,0,1
1736,56,14220,18167,393,6,WhatsApp,Norte,0,1
1737,52,10645,9275,365,3,WhatsApp,Centro-Oeste,0,0
1738,20,6024,30155,279,2,Telefone,Sudeste,0,0
1739,67,8059,48132,363,11,Telefone,Norte,1,1
1740,54,9120,14693,171,4,WhatsApp,Nordeste,1,1
1741,61,4624,15176,51,2,WhatsApp,Centro-Oeste,1,1
1742,61,10171,31276,328,13,WhatsApp,Norte,1,0
1743,68,13206,43725,665,2,WhatsApp,Sudeste,1,1
1744,47,19237,17699,592,3,Telefone,Centro-Oeste,0,0
1745,55,13570,49312,145,7,Telefone,Nordeste,0,1
1746,51,9634,15566,274,1,WhatsApp,Sul,1,1
1747,29,2424,19395,155,3,Email,Sudeste,1,0
1748,36,7006,746,508,10,WhatsApp,Centro-Oeste,1,0
1749,54,15150,21709,363,2,Telefone,Norte,1,1
1750,61,3895,39784,325,6,Telefone,Norte,0,0
1751,66,16810,17300,655,1,Email,Centro-Oeste,0,0
1752,34,9726,46610,298,0,WhatsApp,Norte,1,0
1753,27,13281,23586,494,9,Telefone,Centro-Oeste,1,1
1754,74,7015,20601,546,0,WhatsApp,Sudeste,0,0
1755,72,4865,16991,304,5,Telefone,Norte,1,0
1756,66,18472,27707,467,2,WhatsApp,Sudeste,0,1
1757,64,12910,42298,239,6,WhatsApp,Nordeste,1,1
1758,29,10595,21397,650,7,Email,Nordeste,0,0
1759,33,11861,29992,517,4,WhatsApp,Nordeste,1,0
1760,41,10031,1921,176,4,Email,Nordeste,1,1
1761,36,5770,32515,410,11,Email,Norte,1,0
1762,25,11406,13470,364,1,Telefone,Centro-Oeste,1,1
1763,48,18440,7783,23,7,WhatsApp,Norte,1,1
1764,38,12779,28988,318,9,WhatsApp,Norte,1,1
1765,34,6952,16445,525,12,Email,Sudeste,1,0
1766,40,7977,755,276,0,WhatsApp,Centro-Oeste,0,0
1767,54,18900,11519,604,9,Telefone,Sul,0,0
1768,71,7970,15987,620,8,Telefone,Sul,0,0
1769,33,3562,42297,229,0,Email,Centro-Oeste,1,0
1770,23,10530,19846,664,0,Telefone,Sul,1,0
1771,25,3313,35550,108,0,Telefone,Centro-Oeste,0,0
1772,42,13171,9244,176,6,WhatsApp,Sudeste,1,1
1773,35,15808,25256,320,3,WhatsApp,Sudeste,1,0
1774,42,3813,18361,286,11,WhatsApp,Norte,1,1
1775,29,11206,25646,329,6,Email,Sul,1,1
1776,32,19115,43187,657,4,Telefone,Centro-Oeste,0,1
1777,43,11337,46603,356,11,Telefone,Sudeste,0,0
1778,58,7331,22476,14,13,Telefone,Norte,1,1
1779,62,5556,1091,275,6,Telefone,Sul,0,1
1780,43,1805,6777,71,9,WhatsApp,Sul,1,1
1781,64,15847,2760,195,13,WhatsApp,Sul,1,1
1782,49,3189,44407,523,6,WhatsApp,Sudeste,1,0
1783,27,5417,847,106,3,Telefone,Sudeste,1,1
1784,33,4436,25241,196,1,WhatsApp,Sul,1,1
1785,24,5362,37711,145,7,Telefone,Sudeste,0,0
1786,34,16006,44356,350,1,Telefone,Sul,1,1
1787,40,15818,42042,424,8,WhatsApp,Nordeste,1,1
1788,43,16800,7369,471,4,WhatsApp,Sudeste,0,1
1789,38,7149,28582,686,8,WhatsApp,Centro-Oeste,1,0
1790,39,19703,22580,216,14,WhatsApp,Sudeste,0,1
1791,24,17174,29479,93,8,Telefone,Sul,0,1
1792,31,19226,19922,260,13,WhatsApp,Centro-Oeste,1,1
1793,32,7060,36113,575,7,Email,Norte,1,1
1794,70,16951,23493,541,7,Telefone,Centro-Oeste,1,1
1795,24,2579,12886,285,3,WhatsApp,Centro-Oeste,1,0
1796,26,15483,34533,484,13,Telefone,Sudeste,1,1
1797,68,16827,45713,372,3,Telefone,Centro-Oeste,1,1
1798,65,14255,13438,70,13,Telefone,Centro-Oeste,0,0
1799,25,8735,11659,379,1,WhatsApp,Sul,0,0
1800,67,18697,2774,279,3,WhatsApp,Sudeste,0,0
1801,40,3531,19354,302,3,WhatsApp,Sul,0,0
1802,46,10014,32315,255,5,WhatsApp,Sudeste,1,0
1803,35,10595,10982,684,2,Telefone,Norte,1,0
1804,48,15787,19461,692,1,Telefone,Centro-Oeste,0,0
1805,47,7411,20544,264,14,Email,Sudeste,1,1
1806,69,13195,34336,695,7,WhatsApp,Centro-Oeste,1,1
1807,56,4840,22475,717,1,WhatsApp,Centro-Oeste,0,0
1808,52,9376,15206,424,7,Telefone,Nordeste,1,1
1809,35,17396,6474,213,6,WhatsApp,Sul,0,1
1810,59,13935,11428,671,2,WhatsApp,Sudeste,1,0
1811,56,2641,21713,100,5,Telefone,Norte,1,1
1812,34,10781,2450,112,5,WhatsApp,Nordeste,1,1
1813,31,3538,19977,308,9,Telefone,Sul,1,0
1814,48,5770,10911,678,13,WhatsApp,Norte,1,0
1815,41,11546,22195,475,4,Telefone,Norte,1,1
1816,52,6183,46656,548,12,Email,Centro-Oeste,0,0
1817,61,18378,18271,112,7,WhatsApp,Sul,0,1
1818,62,8616,4774,87,14,Email,Nordeste,1,1
1819,51,3284,35553,183,10,Telefone,Sudeste,0,0
1820,20,5286,7545,597,11,Email,Sudeste,0,0
1821,54,10690,30214,165,4,WhatsApp,Nordeste,1,1
1822,60,6928,34886,90,6,Telefone,Centro-Oeste,1,1
1823,57,8181,44247,455,5,WhatsApp,Centro-Oeste,1,0
1824,43,8393,9062,238,10,Telefone,Norte,1,1
1825,72,14161,28259,534,14,Telefone,Sul,1,1
1826,40,16392,12526,679,6,WhatsApp,Norte,1,0
1827,61,11143,41111,58,12,Email,Sudeste,1,1
1828,56,11443,32089,542,8,WhatsApp,Nordeste,1,1
1829,32,11972,43163,618,2,WhatsApp,Sul,1,0
1830,73,14492,32238,402,9,Telefone,Nordeste,1,1
1831,66,12626,27344,679,6,Telefone,Sul,1,1
1832,21,8369,23947,666,12,WhatsApp,Sudeste,1,0
1833,46,9169,25379,519,9,WhatsApp,Sudeste,0,0
1834,39,13038,12466,197,2,Email,Sul,0,1
1835,42,11565,18232,46,12,Telefone,Centro-Oeste,1,1
1836,30,11671,5789,530,1,WhatsApp,Sul,1,0
1837,35,19196,20512,397,11,WhatsApp,Sudeste,1,1
1838,50,4462,19312,665,6,Email,Nordeste,0,0
1839,33,15351,36301,74,3,Telefone,Norte,1,1
1840,62,14479,42128,416,0,Email,Nordeste,1,1
1841,59,6796,41081,657,5,WhatsApp,Sudeste,1,0
1842,61,16245,47128,614,10,Telefone,Nordeste,0,0
1843,19,7230,23592,335,5,Telefone,Centro-Oeste,0,0
1844,72,15421,25605,633,5,WhatsApp,Centro-Oeste,1,1
1845,52,1626,14794,688,1,Telefone,Sul,1,0
1846,59,7102,4121,575,0,Telefone,Nordeste,1,0
1847,51,19075,32942,296,2,WhatsApp,Nordeste,1,1
1848,47,14081,22199,84,11,Email,Sudeste,1,1
1849,72,17497,2847,15,13,Email,Sul,1,1
1850,30,19250,29986,134,1,Email,Sul,1,1
1851,30,10711,48150,478,5,Email,Nordeste,1,0
1852,35,16497,17610,633,12,WhatsApp,Norte,0,0
1853,49,8171,5423,319,11,WhatsApp,Nordeste,1,1
1854,49,13771,16111,392,5,Email,Nordeste,1,1
1855,52,10376,48635,479,12,WhatsApp,Nordeste,0,0
1856,56,4387,19699,640,4,WhatsApp,Centro-Oeste,1,0
1857,63,11154,9566,368,9,Telefone,Sul,1,1
1858,69,5586,36547,367,9,WhatsApp,Centro-Oeste,1,1
1859,46,5680,27254,288,4,Telefone,Norte,1,0
1860,66,4341,37075,378,8,WhatsApp,Sudeste,0,0
1861,46,7540,24760,692,13,WhatsApp,Norte,1,0
1862,70,11804,47233,463,4,Email,Sul,0,0
1863,61,6258,49391,594,12,Telefone,Sudeste,1,0
1864,74,18510,17491,13,9,Telefone,Norte,0,1
1865,33,17734,23053,536,5,Telefone,Sul,1,1
1866,73,6514,24674,168,10,Email,Norte,1,1
1867,61,2875,22457,270,3,Telefone,Sudeste,0,0
1868,64,2681,1134,70,9,Telefone,Sudeste,1,0
1869,74,1990,30381,318,13,Email,Norte,1,0
1870,27,5229,13271,376,13,WhatsApp,Centro-Oeste,0,0
1871,47,7474,18798,89,14,Email,Norte,0,0
1872,42,19824,14840,701,0,WhatsApp,Norte,1,0
1873,56,3382,33856,257,3,Telefone,Norte,0,0
1874,37,4487,36499,217,1,WhatsApp,Centro-Oeste,1,0
1875,22,7085,6851,450,9,Telefone,Nordeste,0,0
1876,18,4659,4338,544,2,Telefone,Sudeste,1,0
1877,47,6030,2473,141,6,Email,Sul,0,0
1878,66,18565,47614,161,6,Email,Sudeste,0,0
1879,20,2573,38312,32,0,Email,Sudeste,0,0
1880,62,15243,10747,152,7,WhatsApp,Nordeste,1,1
1881,31,4193,44940,260,6,Email,Sudeste,1,0
1882,73,11062,32155,279,0,WhatsApp,Sudeste,0,0
1883,47,5840,43539,285,7,Email,Centro-Oeste,1,0
1884,67,3656,7183,610,13,WhatsApp,Centro-Oeste,1,0
1885,21,17684,11744,542,13,Telefone,Centro-Oeste,0,0
1886,35,9466,29558,602,1,Email,Centro-Oeste,0,1
1887,54,4080,40051,148,7,Email,Centro-Oeste,0,0
1888,42,8757,38862,656,2,Telefone,Sul,0,0
1889,65,3659,28871,67,9,Telefone,Nordeste,1,0
1890,18,17672,4322,570,6,WhatsApp,Norte,1,1
1891,70,15400,29378,279,12,Telefone,Centro-Oeste,1,1
1892,63,12940,36657,443,5,Telefone,Nordeste,1,1
1893,32,16178,6414,399,4,WhatsApp,Norte,0,1
1894,26,15936,18664,128,14,WhatsApp,Sudeste,0,1
1895,32,13521,27680,337,10,WhatsApp,Sudeste,1,1
1896,66,8272,4188,482,9,Telefone,Nordeste,1,1
1897,74,3127,15183,186,13,WhatsApp,Sul,0,0
1898,41,13164,13580,169,10,WhatsApp,Sul,0,1
1899,21,9719,31453,684,1,WhatsApp,Nordeste,1,1
1900,29,19869,10416,260,1,Telefone,Sul,1,1
1901,54,11213,30177,717,12,Telefone,Sul,1,0
1902,54,9988,27860,647,11,Telefone,Sudeste,0,0
1903,60,3681,38305,558,14,Telefone,Sul,0,0
1904,23,13094,13953,507,0,WhatsApp,Sul,1,1
1905,56,8664,23203,521,13,WhatsApp,Nordeste,0,0
1906,73,2401,9140,471,8,Email,Sul,1,1
1907,63,10790,29763,161,10,WhatsApp,Centro-Oeste,1,1
1908,41,19561,33349,289,7,WhatsApp,Centro-Oeste,0,0
1909,28,4381,39546,340,7,Telefone,Nordeste,1,0
1910,30,14558,16578,502,0,WhatsApp,Centro-Oeste,0,0
1911,51,7122,23883,106,4,Email,Sudeste,1,0
1912,42,2878,16036,475,11,WhatsApp,Nordeste,1,0
1913,24,19132,7910,600,5,Telefone,Sul,0,0
1914,69,7150,16426,463,14,WhatsApp,Centro-Oeste,1,0
1915,21,13933,48768,483,1,WhatsApp,Sudeste,0,0
1916,25,10956,34748,704,9,WhatsApp,Nordeste,0,0
1917,37,8536,31659,153,14,Email,Nordeste,0,0
1918,46,7987,42539,649,4,Email,Sul,0,0
1919,71,18942,36866,149,5,WhatsApp,Norte,1,1
1920,70,19932,48300,188,8,Email,Centro-Oeste,0,0
1921,68,5748,41261,653,14,Telefone,Sudeste,1,0
1922,62,6103,29590,131,9,Email,Nordeste,1,1
1923,63,14132,21067,452,0,Email,Centro-Oeste,0,1
1924,27,1720,44163,516,12,WhatsApp,Sudeste,0,0
1925,60,15726,15867,491,9,Telefone,Sudeste,0,1
1926,51,6318,40912,476,2,Telefone,Nordeste,0,0
1927,74,8849,45216,263,11,WhatsApp,Centro-Oeste,0,0
1928,43,7118,35867,538,8,WhatsApp,Sudeste,1,1
1929,58,11356,6313,459,14,Email,Nordeste,0,0
1930,66,6076,37121,536,13,Email,Centro-Oeste,1,0
1931,20,19755,34769,637,0,Telefone,Centro-Oeste,0,0
1932,73,16707,41690,684,0,Email,Nordeste,0,1
1933,23,2962,40818,295,0,Email,Centro-Oeste,0,0
1934,22,17405,37518,435,6,WhatsApp,Norte,0,0
1935,22,17752,40259,275,12,WhatsApp,Sudeste,0,1
1936,71,9736,16998,588,4,WhatsApp,Sudeste,1,0
1937,64,9313,26489,308,5,WhatsApp,Centro-Oeste,1,1
1938,40,3568,37674,376,12,WhatsApp,Nordeste,0,0
1939,66,7253,26068,158,14,Telefone,Sul,1,1
1940,26,8737,1541,204,13,Email,Centro-Oeste,0,0
1941,52,15675,40195,661,7,Email,Sul,0,0
1942,37,7691,49663,75,13,Telefone,Centro-Oeste,1,1
1943,66,19398,30599,380,12,Email,Sul,1,1
1944,59,16122,24864,304,1,Telefone,Centro-Oeste,1,1
1945,52,2501,41139,62,12,Email,Nordeste,0,0
1946,67,18917,39643,570,1,WhatsApp,Sul,1,1
1947,35,16377,23982,108,2,WhatsApp,Norte,1,1
1948,34,11732,4176,187,12,Email,Nordeste,1,1
1949,41,5976,46285,229,2,WhatsApp,Centro-Oeste,1,1
1950,20,18362,22281,48,12,Telefone,Sul,1,1
1951,49,2015,30548,268,2,WhatsApp,Sudeste,1,1
1952,52,13978,3565,254,3,Telefone,Nordeste,1,1
1953,55,2691,2536,87,2,Email,Sul,0,0
1954,30,12360,36314,181,1,WhatsApp,Nordeste,1,1
1955,73,14948,17424,25,8,Email,Sul,0,0
1956,64,7797,33344,388,5,WhatsApp,Sudeste,1,0
1957,42,18155,49148,222,2,WhatsApp,Norte,1,1
1958,26,9834,16907,397,8,WhatsApp,Sudeste,1,1
1959,21,7508,22018,511,14,Telefone,Centro-Oeste,1,0
1960,31,9487,17559,561,3,WhatsApp,Nordeste,1,0
1961,54,4832,23552,440,3,Telefone,Norte,0,0
1962,51,2287,4767,175,7,WhatsApp,Nordeste,1,0
1963,28,7722,6488,311,6,WhatsApp,Sul,1,0
1964,58,11373,28474,274,14,Telefone,Centro-Oeste,0,0
1965,73,18506,24536,35,6,WhatsApp,Centro-Oeste,0,1
1966,20,5176,9180,217,9,WhatsApp,Nordeste,1,0
1967,45,4072,1985,672,6,WhatsApp,Centro-Oeste,0,0
1968,46,8415,15213,408,9,Telefone,Nordeste,0,0
1969,26,6533,20543,519,10,Telefone,Sul,0,0
1970,20,9288,2919,269,4,WhatsApp,Sul,0,0
1971,42,17189,48580,638,14,WhatsApp,Nordeste,1,0
1972,51,12952,36763,475,6,WhatsApp,Sudeste,1,0
1973,29,6212,17640,325,3,WhatsApp,Sudeste,1,0
1974,59,1566,43984,356,7,Email,Sul,0,0
1975,26,17355,45710,90,8,Telefone,Norte,1,1
1976,32,13978,13461,42,12,Telefone,Sudeste,1,1
1977,57,9033,43575,365,11,WhatsApp,Nordeste,1,1
1978,42,16603,6987,671,2,Telefone,Sul,1,1
1979,22,6116,31610,202,6,Email,Centro-Oeste,0,0
1980,28,14777,42932,366,11,Telefone,Centro-Oeste,1,1
1981,51,19024,16860,288,9,Telefone,Sudeste,1,1
1982,41,7230,49910,603,8,Telefone,Norte,1,0
1983,32,12224,37343,481,0,Telefone,Sudeste,1,1
1984,55,13272,25382,637,1,WhatsApp,Norte,0,0
1985,25,17768,18002,501,6,Telefone,Sudeste,1,1
1986,22,14440,48553,638,14,WhatsApp,Centro-Oeste,1,0
1987,65,18432,8131,52,12,Telefone,Norte,0,1
1988,43,16143,3517,103,1,Email,Centro-Oeste,1,1
1989,35,1698,21225,361,6,Email,Nordeste,0,0
1990,23,18455,25262,424,0,WhatsApp,Nordeste,0,0
1991,54,18674,1284,699,14,WhatsApp,Sul,0,0
1992,65,11330,28520,205,2,WhatsApp,Centro-Oeste,0,1
1993,30,15298,38959,14,14,Telefone,Centro-Oeste,0,1
1994,45,19058,16265,616,4,Email,Sul,1,1
1995,22,12969,31627,629,13,Telefone,Nordeste,0,0
1996,30,1678,3696,470,11,WhatsApp,Nordeste,1,0
1997,34,18618,10052,466,13,Email,Norte,1,1
1998,67,2298,41800,304,10,Email,Norte,0,0
1999,57,9101,32421,605,5,WhatsApp,Nordeste,1,0
2000,62,4295,5246,427,14,Telefone,Sudeste,1,1
2001,49,13996,3499,656,12,Telefone,Centro-Oeste,1,1
2002,46,6088,44570,110,8,Telefone,Norte,1,0
2003,68,8797,49720,675,8,Email,Sudeste,1,1
2004,20,4584,16095,565,2,WhatsApp,Norte,1,0
2005,73,12610,22563,515,13,Telefone,Sul,0,0
2006,57,2231,6700,68,7,Telefone,Centro-Oeste,1,1
2007,51,2629,38664,246,12,Email,Norte,1,0
2008,57,3105,23877,389,3,Email,Nordeste,1,0
2009,44,13470,13910,650,6,Email,Sul,0,0
2010,30,12437,46471,308,5,Telefone,Sul,1,1
2011,62,12862,4098,352,7,Email,Nordeste,0,1
2012,50,4433,11064,66,5,WhatsApp,Sul,1,1
2013,23,16687,46016,460,3,WhatsApp,Centro-Oeste,1,1
2014,41,6574,31398,347,1,WhatsApp,Norte,1,0
2015,36,15537,21098,325,6,Email,Sul,1,1
2016,33,8599,40904,667,10,Email,Centro-Oeste,1,0
2017,57,19374,18362,599,14,WhatsApp,Nordeste,1,1
2018,45,2393,10765,33,12,WhatsApp,Norte,1,1
2019,50,2890,10205,68,10,Email,Nordeste,1,1
2020,65,5739,26044,187,3,Telefone,Norte,1,0
2021,58,4932,14798,192,12,Email,Sul,0,0
2022,30,3871,33170,213,8,WhatsApp,Sul,0,0
2023,60,3015,42971,600,8,WhatsApp,Norte,1,0
2024,62,17406,46604,428,6,WhatsApp,Centro-Oeste,0,0
2025,42,7826,41434,351,4,WhatsApp,Centro-Oeste,1,0
2026,70,16105,49384,108,2,WhatsApp,Centro-Oeste,0,0
2027,59,7086,6550,240,2,WhatsApp,Sudeste,1,1
2028,53,4417,44452,216,8,WhatsApp,Centro-Oeste,0,0
2029,44,17401,21534,177,8,WhatsApp,Sul,1,1
2030,55,19051,45980,565,11,Email,Sudeste,0,1
2031,24,5293,8984,330,12,WhatsApp,Centro-Oeste,1,1
2032,22,11447,31823,561,10,WhatsApp,Sul,1,0
2033,60,17359,21296,626,3,Email,Sudeste,1,1
2034,62,3077,29569,450,10,Telefone,Sul,1,0
2035,74,10988,22327,607,0,Telefone,Norte,1,0
2036,68,10664,35861,447,12,Telefone,Sul,1,0
2037,48,2530,10815,537,9,Email,Sudeste,0,0
2038,40,17381,48468,644,4,Email,Centro-Oeste,0,0
2039,59,12285,27019,179,13,Telefone,Sudeste,0,0
2040,27,8191,9607,395,7,Email,Centro-Oeste,0,0
2041,49,18797,4369,145,9,Telefone,Centro-Oeste,1,1
2042,60,7858,15947,198,14,WhatsApp,Nordeste,1,0
2043,70,2962,27870,84,14,Email,Norte,1,0
2044,47,17011,8471,669,3,Telefone,Nordeste,1,1
2045,56,12070,31769,85,9,Email,Sudeste,0,0
2046,48,17397,26151,457,9,WhatsApp,Nordeste,0,1
2047,35,13146,36257,476,3,WhatsApp,Centro-Oeste,1,1
2048,53,16974,23946,253,12,Email,Sudeste,0,1
2049,19,8537,38608,72,11,WhatsApp,Nordeste,1,1
2050,31,10999,10143,223,13,Email,Sul,0,1
2051,30,14886,4323,276,8,Email,Norte,1,1
2052,46,7721,13954,246,14,Email,Sul,1,1
2053,29,9269,4432,341,8,Telefone,Sudeste,1,0
2054,56,18571,10720,573,6,Telefone,Nordeste,1,1
2055,19,15856,9054,471,9,Email,Centro-Oeste,0,0
2056,49,19778,2929,454,7,Telefone,Nordeste,0,1
2057,30,8889,28708,7,11,Telefone,Sudeste,0,1
2058,63,6422,7944,188,11,Email,Sudeste,0,0
2059,44,15139,11010,4,3,Telefone,Sudeste,1,1
2060,66,11503,44545,645,7,Email,Sudeste,1,1
2061,58,6678,11037,125,13,WhatsApp,Nordeste,0,0
2062,34,16740,7647,15,5,WhatsApp,Sul,1,1
2063,57,5468,40899,525,12,WhatsApp,Centro-Oeste,1,1
2064,48,4216,4098,630,2,WhatsApp,Centro-Oeste,1,1
2065,51,18074,37597,240,6,Telefone,Norte,1,1
2066,41,15011,7218,360,2,WhatsApp,Sudeste,1,1
2067,62,19219,43191,518,10,Email,Sudeste,1,1
2068,52,9681,14282,320,6,WhatsApp,Sudeste,1,1
2069,65,14495,49744,231,4,WhatsApp,Sul,1,1
2070,23,12798,551,30,3,WhatsApp,Sudeste,0,0
2071,36,18262,17202,534,2,Telefone,Norte,0,0
2072,47,7880,10684,156,7,WhatsApp,Norte,1,1
2073,24,2115,12968,630,3,WhatsApp,Sul,0,0
2074,27,19638,22572,705,7,Telefone,Sudeste,1,0
2075,58,1963,15979,399,9,WhatsApp,Nordeste,1,0
2076,49,10658,28967,346,2,WhatsApp,Nordeste,0,0
2077,51,4658,23902,195,9,Telefone,Centro-Oeste,0,0
2078,45,14934,7710,168,12,WhatsApp,Sul,1,1
2079,32,6438,46202,377,8,WhatsApp,Nordeste,0,0
2080,47,6917,37224,489,5,WhatsApp,Centro-Oeste,0,0
2081,54,10381,6557,362,14,WhatsApp,Norte,1,1
2082,46,7103,31416,482,4,Telefone,Centro-Oeste,0,0
2083,39,3712,27768,244,4,WhatsApp,Sudeste,1,0
2084,21,18266,44478,581,12,Email,Sudeste,0,0
2085,37,13195,47858,607,2,Email,Norte,1,1
2086,49,19296,23759,589,1,WhatsApp,Sul,1,1
2087,53,11275,14364,171,5,Email,Sudeste,1,0
2088,67,16059,34793,513,10,WhatsApp,Sudeste,1,1
2089,21,7646,46545,406,0,WhatsApp,Centro-Oeste,1,0
2090,44,1871,7543,574,14,WhatsApp,Centro-Oeste,0,0
2091,34,7065,41973,207,14,WhatsApp,Centro-Oeste,1,0
2092,29,10302,39393,154,13,Telefone,Nordeste,0,0
2093,39,9807,41142,48,6,WhatsApp,Norte,1,0
2094,34,8937,13029,649,14,Email,Sul,1,1
2095,27,1946,31368,1,4,Telefone,Centro-Oeste,1,1
2096,71,2891,26809,407,3,WhatsApp,Sul,0,0
2097,18,13016,23784,107,8,Telefone,Centro-Oeste,0,0
2098,39,19224,48223,173,9,Email,Sudeste,1,1
2099,43,16954,35768,506,0,WhatsApp,Sul,1,1
2100,73,13391,3964,130,10,WhatsApp,Nordeste,1,1
2101,35,16498,19143,398,14,WhatsApp,Centro-Oeste,1,1
2102,67,7469,29765,294,3,WhatsApp,Norte,0,0
2103,31,10765,16454,552,2,Telefone,Sudeste,1,1
2104,64,17361,24380,447,5,WhatsApp,Centro-Oeste,0,0
2105,46,6954,19543,16,4,Telefone,Sul,0,0
2106,29,4650,755,639,6,Telefone,Centro-Oeste,0,0
2107,53,16886,2002,349,12,Telefone,Sudeste,1,1
2108,52,7914,5156,203,0,WhatsApp,Norte,0,1
2109,69,6157,10802,134,12,WhatsApp,Norte,1,1
2110,29,11986,5930,526,4,WhatsApp,Norte,0,0
2111,24,16394,41866,508,13,WhatsApp,Sudeste,0,0
2112,46,6980,27925,66,1,Email,Centro-Oeste,1,1
2113,28,9533,49244,480,1,WhatsApp,Sudeste,0,0
2114,50,2483,2360,459,10,WhatsApp,Sudeste,1,0
2115,23,10043,6658,342,14,WhatsApp,Centro-Oeste,1,1
2116,64,11416,6306,707,10,Email,Nordeste,0,0
2117,32,11643,21238,626,1,Telefone,Norte,1,0
2118,49,17081,17606,159,8,Telefone,Sul,1,1
2119,68,3407,9974,161,9,WhatsApp,Sul,1,0
2120,28,10716,17497,254,2,WhatsApp,Centro-Oeste,1,1
2121,40,10237,33099,527,3,Telefone,Sul,1,1
2122,43,15257,6290,549,14,Email,Nordeste,0,0
2123,51,5674,10670,155,4,Telefone,Sudeste,0,0
2124,63,17208,9504,486,13,Telefone,Norte,1,1
2125,51,10797,43246,432,3,WhatsApp,Sul,0,0
2126,46,3490,49982,27,3,WhatsApp,Sul,0,1
2127,21,7096,26292,12,4,Email,Centro-Oeste,1,1
2128,34,17874,30716,67,9,WhatsApp,Centro-Oeste,1,1
2129,52,5275,7732,542,14,Email,Sudeste,0,0
2130,30,19945,13174,96,8,WhatsApp,Norte,0,1
2131,58,17206,16552,215,11,WhatsApp,Sul,1,1
2132,56,16145,49042,194,8,Telefone,Sudeste,0,0
2133,32,15168,6413,647,13,WhatsApp,Norte,1,1
2134,72,17460,47370,290,13,WhatsApp,Sudeste,1,1
2135,46,12857,48657,544,5,WhatsApp,Sul,1,0
2136,46,5935,28413,39,10,Telefone,Centro-Oeste,1,1
2137,28,17304,11067,206,11,WhatsApp,Centro-Oeste,0,0
2138,69,18929,38879,555,13,WhatsApp,Centro-Oeste,0,0
2139,49,16126,9932,484,2,Telefone,Nordeste,1,1
2140,19,9451,819,337,5,WhatsApp,Sudeste,1,0
2141,64,7949,24969,496,9,Email,Sul,0,0
2142,31,4699,45954,249,3,WhatsApp,Sudeste,0,0
2143,37,8268,26990,74,2,Telefone,Centro-Oeste,1,1
2144,39,10630,21084,373,5,WhatsApp,Sudeste,0,0
2145,28,10133,5291,702,14,Telefone,Norte,0,0
2146,44,5725,32236,138,10,Telefone,Sudeste,1,0
2147,20,18480,829,457,5,Email,Nordeste,0,1
2148,34,7554,9351,444,1,WhatsApp,Nordeste,0,0
2149,61,3005,44578,353,8,WhatsApp,Centro-Oeste,1,0
2150,73,10553,23626,411,7,Telefone,Sul,1,1
2151,45,17249,21800,678,5,WhatsApp,Norte,0,0
2152,46,12332,10664,538,0,WhatsApp,Sul,1,1
2153,38,17844,25009,453,11,Email,Sul,1,1
2154,64,16283,6203,419,1,WhatsApp,Norte,1,1
2155,33,3051,27609,450,14,Email,Nordeste,0,0
2156,54,16654,43917,585,3,WhatsApp,Centro-Oeste,0,0
2157,37,15299,23054,115,6,Telefone,Sudeste,1,1
2158,23,8352,28176,51,8,Telefone,Nordeste,1,1
2159,36,2949,24304,369,9,Telefone,Centro-Oeste,1,0
2160,74,4159,45940,683,4,Email,Nordeste,1,0
2161,22,9009,37423,515,9,WhatsApp,Norte,1,1
2162,20,4221,30302,210,1,Email,Sul,0,0
2163,18,13944,25295,627,14,Telefone,Norte,1,0
2164,55,11137,3111,679,12,WhatsApp,Sudeste,1,1
2165,32,11990,22575,435,10,Email,Norte,1,0
2166,51,4425,16979,227,10,WhatsApp,Sul,0,0
2167,52,11324,9680,663,10,Email,Nordeste,1,1
2168,66,7740,9804,268,0,WhatsApp,Centro-Oeste,1,1
2169,42,18396,15110,116,9,Email,Sudeste,0,1
2170,41,1715,8937,600,13,Telefone,Nordeste,1,0
2171,29,8799,43618,360,12,WhatsApp,Centro-Oeste,1,0
2172,35,13023,13021,329,13,Telefone,Sul,1,1
2173,32,11864,24528,40,0,WhatsApp,Norte,0,0
2174,61,4653,39828,182,4,WhatsApp,Nordeste,0,0
2175,33,3206,27801,490,13,WhatsApp,Centro-Oeste,1,0
2176,44,11798,38515,209,6,WhatsApp,Centro-Oeste,1,1
2177,25,3067,22240,273,8,WhatsApp,Norte,1,1
2178,63,11900,37345,119,8,Telefone,Nordeste,1,1
2179,42,11845,21782,382,7,WhatsApp,Nordeste,0,0
2180,34,2628,11358,536,0,Telefone,Sul,1,0
2181,46,9367,44659,258,4,WhatsApp,Nordeste,1,0
2182,70,7083,44214,483,5,Telefone,Norte,1,0
2183,25,6397,15686,509,5,Telefone,Nordeste,1,0
2184,32,7501,34685,92,3,WhatsApp,Sul,1,1
2185,44,12613,31694,161,0,Email,Centro-Oeste,1,1
2186,63,6067,25730,149,2,Telefone,Nordeste,0,0
2187,67,10771,27518,117,9,Telefone,Norte,0,1
2188,69,15848,49762,458,14,WhatsApp,Nordeste,0,1
2189,24,13203,25165,565,14,WhatsApp,Sudeste,1,1
2190,20,14829,42222,45,3,Email,Sul,0,0
2191,46,4241,46859,234,3,Email,Centro-Oeste,1,0
2192,61,7756,40659,375,12,WhatsApp,Sudeste,1,0
2193,70,1728,44632,547,3,WhatsApp,Norte,1,0
2194,41,18178,43639,197,13,Telefone,Nordeste,0,0
2195,20,5784,22016,25,4,Telefone,Sul,1,1
2196,37,14764,35772,395,12,Email,Nordeste,1,1
2197,63,14890,25173,714,14,WhatsApp,Nordeste,1,0
2198,32,2418,5739,36,14,WhatsApp,Nordeste,1,1
2199,42,12945,49944,474,10,WhatsApp,Nordeste,1,0
2200,47,1998,26915,223,8,WhatsApp,Sul,1,0
2201,31,4309,38388,530,3,WhatsApp,Sudeste,1,0
2202,24,6461,27695,188,8,Email,Norte,1,1
2203,34,10517,39661,402,8,Telefone,Sudeste,1,1
2204,61,5279,29823,257,0,Email,Sul,1,1
2205,37,11550,35464,654,4,WhatsApp,Norte,1,0
2206,53,3618,36734,136,8,WhatsApp,Centro-Oeste,1,0
2207,26,7891,31263,591,3,WhatsApp,Sudeste,1,0
2208,55,1645,35174,444,4,WhatsApp,Sul,0,0
2209,65,15429,18605,418,3,Email,Sul,1,1
2210,74,16417,45151,292,12,WhatsApp,Sul,1,1
2211,39,6065,30239,574,1,WhatsApp,Norte,1,0
2212,71,18076,48705,129,9,WhatsApp,Nordeste,0,1
2213,70,8137,32469,341,1,WhatsApp,Centro-Oeste,1,1
2214,70,9743,14997,257,1,Telefone,Norte,1,1
2215,19,3910,2316,566,12,WhatsApp,Norte,1,0
2216,41,3320,26983,687,0,Telefone,Sudeste,1,0
2217,25,4021,43981,100,2,Telefone,Centro-Oeste,1,0
2218,28,7382,22659,39,14,WhatsApp,Sul,1,1
2219,30,3367,4349,263,13,WhatsApp,Norte,1,1
2220,34,8965,22112,150,10,Telefone,Centro-Oeste,0,0
2221,25,12961,40117,633,9,Telefone,Sudeste,1,0
2222,38,7603,34326,690,0,WhatsApp,Nordeste,1,0
2223,35,13697,44998,330,3,WhatsApp,Centro-Oeste,0,0
2224,47,16924,19206,120,0,WhatsApp,Sul,1,1
2225,35,17553,25063,584,3,WhatsApp,Norte,0,0
2226,63,1740,4859,219,2,WhatsApp,Nordeste,1,1
2227,64,6131,31169,123,8,WhatsApp,Sudeste,1,1
2228,48,11099,13309,244,0,WhatsApp,Sul,1,1
2229,55,13194,38928,587,13,WhatsApp,Nordeste,1,0
2230,49,6577,29954,518,7,WhatsApp,Sudeste,1,0
2231,28,5268,7754,21,10,Email,Sul,1,1
2232,62,10642,46090,190,8,Telefone,Norte,1,1
2233,42,9495,25285,225,11,Email,Sudeste,1,1
2234,50,14776,2593,615,6,WhatsApp,Nordeste,0,0
2235,55,14246,44998,466,0,Telefone,Sul,1,0
2236,58,12975,41485,99,3,WhatsApp,Centro-Oeste,0,0
2237,25,8068,32509,363,9,Telefone,Sul,1,0
2238,28,4101,17058,83,0,WhatsApp,Nordeste,0,0
2239,39,7580,18218,693,3,WhatsApp,Nordeste,0,0
2240,68,15354,17205,664,14,Email,Centro-Oeste,0,0
2241,41,3659,22582,56,2,Telefone,Nordeste,0,0
2242,58,9813,12842,702,1,Email,Sul,1,0
2243,34,5868,12739,22,0,WhatsApp,Sudeste,1,1
2244,29,2817,47122,580,5,WhatsApp,Sul,1,0
2245,74,14772,47165,185,11,WhatsApp,Nordeste,0,1
2246,63,2730,32774,522,6,Telefone,Centro-Oeste,0,0
2247,49,19017,11919,578,5,Telefone,Centro-Oeste,1,1
2248,32,2801,43332,264,8,Email,Norte,0,1
2249,33,17427,15503,225,11,WhatsApp,Centro-Oeste,1,1
2250,71,3410,31366,635,8,Telefone,Centro-Oeste,1,0
2251,39,16404,22488,38,1,WhatsApp,Nordeste,1,1
2252,45,9607,43527,123,14,WhatsApp,Sudeste,0,0
2253,37,19800,25408,156,14,Telefone,Sudeste,0,0
2254,50,4257,6174,301,1,Telefone,Nordeste,1,0
2255,27,7964,5502,67,8,WhatsApp,Centro-Oeste,1,1
2256,57,18062,28067,645,0,WhatsApp,Sul,1,1
2257,49,10588,1410,394,4,WhatsApp,Sudeste,1,0
2258,67,16624,29572,652,0,WhatsApp,Nordeste,1,0
2259,50,15760,34217,594,6,WhatsApp,Sul,1,0
2260,19,11243,22309,570,8,WhatsApp,Centro-Oeste,0,0
2261,50,10183,27151,661,5,WhatsApp,Nordeste,1,0
2262,50,1560,44791,405,13,Email,Sudeste,0,0
2263,58,10769,44489,449,1,Email,Sul,1,1
2264,30,4395,16984,131,5,WhatsApp,Sul,1,0
2265,47,16823,5146,69,8,Email,Sudeste,1,1
2266,50,13852,40213,345,2,Telefone,Sul,0,0
2267,30,13375,2900,320,8,WhatsApp,Sudeste,1,1
2268,69,18469,44831,177,7,WhatsApp,Nordeste,1,1
2269,43,7323,22685,584,14,Email,Norte,1,0
2270,39,13462,19227,529,12,Telefone,Centro-Oeste,1,1
2271,56,2034,33620,160,11,Email,Nordeste,0,0
2272,19,5511,48757,582,6,Email,Centro-Oeste,1,0
2273,55,3655,1518,625,7,WhatsApp,Centro-Oeste,1,0
2274,56,8457,18063,533,9,WhatsApp,Sudeste,0,0
2275,43,10696,5693,135,5,WhatsApp,Norte,0,0
2276,63,12191,16201,111,2,WhatsApp,Centro-Oeste,1,1
2277,67,14827,4036,283,6,WhatsApp,Centro-Oeste,1,1
2278,32,4206,48717,520,3,WhatsApp,Nordeste,0,0
2279,51,1501,45110,719,10,WhatsApp,Norte,1,0
2280,59,10725,19386,194,9,WhatsApp,Norte,1,1
2281,72,18988,37087,47,13,WhatsApp,Centro-Oeste,1,1
2282,61,16320,29910,342,4,WhatsApp,Norte,1,1
2283,66,12391,34244,242,7,WhatsApp,Nordeste,1,0
2284,57,3361,39165,522,14,WhatsApp,Sudeste,0,0
2285,28,6769,16457,370,6,Telefone,Centro-Oeste,1,1
2286,20,12612,48627,131,6,Email,Sul,1,1
2287,23,17199,46508,270,7,WhatsApp,Centro-Oeste,1,1
2288,26,9820,33375,61,9,WhatsApp,Centro-Oeste,0,0
2289,23,18321,48792,164,2,Email,Sudeste,1,1
2290,26,12240,2126,525,2,Telefone,Sul,1,1
2291,56,4629,25779,272,1,Telefone,Sul,0,0
2292,48,18785,6729,133,14,WhatsApp,Sul,0,1
2293,49,15880,7377,244,0,Email,Sudeste,0,1
2294,58,12860,34142,434,9,Email,Norte,1,1
2295,67,6898,38811,38,5,Telefone,Sul,1,1
2296,29,7029,32856,568,5,WhatsApp,Norte,0,0
2297,25,5418,4309,319,12,Email,Nordeste,0,0
2298,25,18951,43871,510,9,Telefone,Sudeste,1,1
2299,67,17910,35375,376,11,Telefone,Norte,0,0
2300,45,8437,45013,560,7,WhatsApp,Sul,1,0
2301,37,8618,9965,617,13,Telefone,Sul,1,1
2302,64,18431,1059,474,5,WhatsApp,Norte,1,1
2303,24,12360,8808,59,5,WhatsApp,Norte,1,1
2304,28,6838,21853,589,0,Telefone,Nordeste,0,0
2305,37,13972,15750,499,11,WhatsApp,Sudeste,0,0
2306,33,4640,46523,218,6,Telefone,Centro-Oeste,1,0
2307,21,9496,36314,567,6,Telefone,Nordeste,1,1
2308,23,16989,47124,567,9,WhatsApp,Nordeste,1,1
2309,39,19474,16927,129,8,Telefone,Nordeste,0,1
2310,43,15701,33776,383,13,Email,Sul,1,1
2311,20,9276,6607,388,14,WhatsApp,Norte,1,1
2312,58,6443,13976,85,11,Telefone,Sudeste,1,1
2313,59,14386,3939,510,6,WhatsApp,Sul,1,1
2314,31,10497,20812,627,7,WhatsApp,Nordeste,0,0
2315,28,9298,22295,437,3,WhatsApp,Sudeste,1,1
2316,35,19241,13636,293,8,WhatsApp,Sul,1,1
2317,71,9592,14667,49,14,WhatsApp,Centro-Oeste,1,0
2318,29,4725,17800,67,13,Email,Nordeste,1,1
2319,40,13310,17682,129,0,Telefone,Sul,1,1
2320,29,16414,5471,29,7,Telefone,Sul,1,1
2321,30,3960,27409,343,2,WhatsApp,Nordeste,1,0
2322,42,10237,20159,545,13,Telefone,Centro-Oeste,0,0
2323,62,15420,31903,119,0,WhatsApp,Norte,1,1
2324,68,12254,49151,692,1,WhatsApp,Centro-Oeste,1,0
2325,36,12333,34086,663,14,WhatsApp,Nordeste,0,0
2326,72,4614,10860,133,5,WhatsApp,Norte,1,1
2327,63,18500,21924,327,4,WhatsApp,Sul,0,1
2328,53,16860,32999,185,13,Telefone,Centro-Oeste,0,1
2329,62,19087,45195,506,2,Email,Centro-Oeste,1,1
2330,25,11451,49291,646,8,WhatsApp,Norte,1,0
2331,46,4065,3565,689,7,WhatsApp,Sul,1,0
2332,72,4674,3759,534,12,WhatsApp,Centro-Oeste,0,0
2333,70,4130,12800,241,2,Email,Norte,0,0
2334,72,4661,33870,589,1,Email,Centro-Oeste,1,0
2335,49,5821,4795,716,7,Telefone,Sul,1,0
2336,68,14704,27709,516,13,Email,Sul,0,1
2337,61,8599,43251,165,14,WhatsApp,Sudeste,1,1
2338,35,12860,36795,640,4,Email,Norte,1,0
2339,23,11813,21427,557,14,WhatsApp,Nordeste,1,1
2340,35,15002,35079,218,8,WhatsApp,Centro-Oeste,1,1
2341,36,7301,45371,648,0,Telefone,Sul,0,0
2342,39,15630,9532,680,9,WhatsApp,Centro-Oeste,1,0
2343,54,15771,28218,605,2,Telefone,Centro-Oeste,1,1
2344,49,17575,13377,5,4,WhatsApp,Nordeste,0,1
2345,73,5651,41231,668,1,Telefone,Sul,1,0
2346,58,10411,48492,81,2,WhatsApp,Sudeste,0,0
2347,20,14361,27166,247,3,WhatsApp,Norte,1,1
2348,45,2166,42184,493,3,Email,Centro-Oeste,0,0
2349,27,18167,7266,649,10,Email,Nordeste,1,1
2350,68,7340,23329,386,8,Email,Nordeste,1,0
2351,52,5065,20721,575,0,Telefone,Norte,0,0
2352,46,11926,25602,307,11,Telefone,Norte,1,1
2353,71,19349,34933,628,8,Telefone,Sul,1,1
2354,32,8866,16432,625,14,WhatsApp,Centro-Oeste,1,0
2355,50,17130,26214,543,8,WhatsApp,Centro-Oeste,1,1
2356,24,8882,40243,7,10,WhatsApp,Norte,0,0
2357,29,17649,3052,515,5,Email,Sudeste,0,0
2358,66,17371,46487,568,10,WhatsApp,Centro-Oeste,0,0
2359,47,14773,14774,73,0,Email,Nordeste,1,1
2360,38,2492,45880,10,10,Telefone,Norte,0,0
2361,48,8358,29750,573,12,Telefone,Centro-Oeste,1,0
2362,41,3621,3308,562,11,WhatsApp,Sul,0,0
2363,37,13888,44358,122,5,WhatsApp,Norte,1,1
2364,54,5636,45528,687,7,Email,Nordeste,0,0
2365,21,18227,15795,513,4,WhatsApp,Sul,0,0
2366,45,14153,48105,441,4,WhatsApp,Norte,0,0
2367,61,16979,15169,38,0,WhatsApp,Norte,1,1
2368,37,6323,11023,702,0,WhatsApp,Centro-Oeste,1,0
2369,41,6420,46030,591,7,WhatsApp,Sul,0,0
2370,67,6971,14269,345,12,Telefone,Norte,1,1
2371,66,18772,46999,338,4,WhatsApp,Nordeste,1,1
2372,68,11033,45145,702,7,Telefone,Sul,1,0
2373,49,8627,25707,184,9,WhatsApp,Centro-Oeste,1,1
2374,58,5220,35724,67,1,Email,Sudeste,0,0
2375,53,17196,26057,17,14,Telefone,Norte,0,1
2376,70,19622,38691,383,3,WhatsApp,Sudeste,0,1
2377,51,2864,14746,368,12,WhatsApp,Norte,1,0
2378,53,4208,13346,316,10,WhatsApp,Centro-Oeste,1,0
2379,19,14482,37585,497,13,Telefone,Centro-Oeste,1,1
2380,32,18808,45903,345,9,Telefone,Centro-Oeste,0,1
2381,51,1651,13970,553,8,Email,Centro-Oeste,0,0
2382,53,18796,13676,473,12,WhatsApp,Sul,1,1
2383,23,3821,42381,115,2,WhatsApp,Sul,1,1
2384,56,15365,14046,100,5,WhatsApp,Norte,1,1
2385,59,1995,7305,438,10,WhatsApp,Sul,0,0
2386,68,13487,17288,345,6,Telefone,Norte,1,1
2387,68,3648,29848,349,2,WhatsApp,Sul,0,0
2388,71,2056,8580,139,0,Telefone,Sul,1,1
2389,29,14893,36386,324,1,Telefone,Sul,0,1
2390,20,3052,24264,302,10,Email,Nordeste,1,0
2391,62,4585,7130,294,13,WhatsApp,Centro-Oeste,1,1
2392,35,1656,33833,529,9,Email,Nordeste,1,0
2393,57,10426,16201,292,6,Email,Sul,1,1
2394,38,8662,15359,74,6,Email,Sul,1,1
2395,32,9555,21683,484,11,Telefone,Nordeste,1,0
2396,50,6154,40938,16,0,Email,Norte,1,1
2397,52,12968,32249,526,9,Telefone,Centro-Oeste,0,1
2398,43,1654,32387,336,6,WhatsApp,Norte,0,0
2399,25,9450,42744,516,14,Telefone,Centro-Oeste,1,0
2400,53,16823,9276,127,9,Telefone,Sudeste,1,1
2401,65,18880,15521,518,10,Email,Centro-Oeste,0,0
2402,47,6126,4827,129,5,Telefone,Norte,0,0
2403,40,15759,48543,511,10,WhatsApp,Centro-Oeste,0,0
2404,59,16373,8114,423,5,Telefone,Sudeste,1,1
2405,61,14516,1745,385,6,Email,Sudeste,0,1
2406,31,10869,41511,232,6,WhatsApp,Sul,0,0
2407,31,1653,10855,195,0,WhatsApp,Sudeste,0,0
2408,19,9353,33805,65,9,Telefone,Nordeste,0,0
2409,72,13879,49192,615,4,WhatsApp,Norte,1,0
2410,54,17292,49504,277,14,WhatsApp,Nordeste,1,1
2411,22,7099,30214,670,13,WhatsApp,Nordeste,0,0
2412,55,19600,17698,224,13,Email,Norte,0,1
2413,62,16285,1915,278,7,WhatsApp,Nordeste,1,1
2414,58,12549,44298,694,7,WhatsApp,Nordeste,1,0
2415,71,2286,2152,366,2,Telefone,Nordeste,0,0
2416,64,5868,44125,516,2,Email,Sudeste,0,0
2417,31,16423,20946,215,6,Email,Norte,1,1
2418,73,5772,19240,439,14,WhatsApp,Norte,1,0
2419,56,7494,4310,428,3,Email,Norte,1,1
2420,42,8511,17069,396,5,WhatsApp,Nordeste,0,0
2421,37,15586,34819,209,8,Telefone,Sudeste,1,1
2422,19,10761,14084,501,9,Telefone,Norte,1,1
2423,56,8511,27283,463,1,WhatsApp,Centro-Oeste,1,0
2424,23,2712,34029,586,1,Telefone,Norte,1,0
2425,34,15641,13011,227,5,WhatsApp,Sul,0,0
2426,42,10844,9971,375,2,Email,Centro-Oeste,1,1
2427,74,8204,45735,500,0,WhatsApp,Norte,0,0
2428,45,17396,6663,93,1,Telefone,Nordeste,1,1
2429,19,1643,16565,460,13,WhatsApp,Norte,1,1
2430,52,12181,45154,577,12,WhatsApp,Sudeste,1,0
2431,54,8867,18420,321,6,Email,Sudeste,0,1
2432,22,4728,39469,10,3,Telefone,Norte,0,0
2433,18,6082,48848,303,11,Email,Nordeste,0,0
2434,57,14647,19654,322,1,WhatsApp,Nordeste,0,1
2435,29,12897,40667,456,10,WhatsApp,Nordeste,0,0
2436,73,7531,20729,278,11,Telefone,Norte,1,1
2437,53,5743,27497,598,11,WhatsApp,Norte,1,0
2438,62,15147,21601,538,7,WhatsApp,Sul,1,1
2439,40,12996,40891,393,3,Telefone,Sudeste,1,0
2440,64,11049,10827,95,3,WhatsApp,Centro-Oeste,1,1
2441,48,16646,7687,107,1,WhatsApp,Centro-Oeste,1,1
2442,28,5685,30185,390,13,WhatsApp,Sudeste,0,0
2443,27,13986,35448,526,0,Telefone,Sul,0,0
2444,20,8828,35228,673,0,Telefone,Sudeste,1,0
2445,71,18184,38421,71,2,WhatsApp,Sul,1,1
2446,31,18607,7535,664,5,Telefone,Sul,1,1
2447,33,4510,11971,587,6,WhatsApp,Nordeste,1,1
2448,27,7055,28960,376,12,Email,Sudeste,1,0
2449,46,1567,21571,368,8,Email,Centro-Oeste,1,0
2450,27,13685,1082,51,4,Telefone,Norte,1,1
2451,29,3037,48782,143,8,WhatsApp,Norte,1,0
2452,47,18281,26689,419,7,Telefone,Sudeste,0,0
2453,58,13049,16031,548,0,Telefone,Norte,0,0
2454,18,7180,17172,500,10,Email,Sul,1,0
2455,22,10247,41247,167,11,Email,Norte,1,1
2456,37,16616,20743,260,2,Email,Sul,1,1
2457,25,4441,3560,192,7,WhatsApp,Sul,0,0
2458,60,12349,14231,202,8,Email,Centro-Oeste,1,1
2459,29,8567,12794,185,13,Telefone,Norte,0,0
2460,18,11651,21219,158,3,Email,Centro-Oeste,1,1
2461,74,19485,47542,622,13,WhatsApp,Norte,1,1
2462,71,19364,49616,99,13,WhatsApp,Sul,0,1
2463,37,16626,26825,241,13,WhatsApp,Norte,0,0
2464,45,17113,23097,491,11,WhatsApp,Centro-Oeste,0,1
2465,74,7947,2403,202,5,WhatsApp,Nordeste,0,0
2466,60,6999,15051,634,3,Email,Centro-Oeste,1,0
2467,54,7773,28251,509,12,WhatsApp,Nordeste,0,0
2468,64,2799,24778,629,14,WhatsApp,Sudeste,1,0
2469,54,8201,26153,96,8,WhatsApp,Centro-Oeste,0,0
2470,29,6494,15641,490,1,WhatsApp,Norte,0,0
2471,54,17127,2877,579,5,Email,Nordeste,1,1
2472,66,8989,34115,218,10,WhatsApp,Norte,1,1
2473,66,9769,47648,527,12,WhatsApp,Nordeste,1,0
2474,73,4331,27952,273,2,Email,Centro-Oeste,0,0
2475,61,13102,23225,219,9,Email,Centro-Oeste,0,1
2476,73,13319,10024,659,3,WhatsApp,Norte,0,0
2477,45,19416,48499,332,1,Telefone,Centro-Oeste,1,1
2478,64,3496,12198,453,10,Telefone,Norte,0,0
2479,32,13119,43839,152,7,Telefone,Sul,1,1
2480,23,18161,21675,347,9,WhatsApp,Nordeste,1,1
2481,61,4589,12814,414,7,Email,Norte,0,0
2482,37,2023,44697,527,0,WhatsApp,Nordeste,1,0
2483,67,13910,2865,431,9,WhatsApp,Sul,0,0
2484,31,17232,32517,379,5,WhatsApp,Nordeste,1,1
2485,19,9667,32626,428,0,WhatsApp,Norte,1,1
2486,26,6690,43872,84,5,Email,Centro-Oeste,0,0
2487,54,6075,44634,192,6,Telefone,Nordeste,1,0
2488,37,9227,38323,41,14,WhatsApp,Nordeste,1,1
2489,43,16878,6122,309,1,WhatsApp,Sul,0,1
2490,46,3297,31040,378,8,WhatsApp,Sudeste,1,0
2491,18,3631,41051,136,7,Email,Centro-Oeste,1,1
2492,72,16400,2449,106,8,Telefone,Norte,1,1
2493,52,18699,49896,519,14,Telefone,Sul,0,1
2494,23,12832,43300,542,9,Telefone,Norte,1,0
2495,54,8166,32412,126,12,Telefone,Norte,0,0
2496,70,18026,32661,357,3,Telefone,Nordeste,1,1
2497,22,13979,44887,400,3,WhatsApp,Sul,1,1
2498,50,2910,17008,79,11,Email,Sul,0,0
2499,66,14165,46092,389,7,Telefone,Centro-Oeste,1,1
2500,68,2034,44213,579,0,Telefone,Sudeste,1,0
2501,31,4864,2419,535,7,Email,Norte,1,0
2502,29,18916,43095,701,6,Email,Centro-Oeste,1,1
2503,59,4842,10117,74,11,Email,Centro-Oeste,0,1
2504,37,14965,10232,5,6,Email,Norte,1,1
2505,70,6000,33798,463,8,WhatsApp,Nordeste,0,0
2506,67,2672,41117,82,14,WhatsApp,Nordeste,1,1
2507,41,9507,7429,537,12,Telefone,Norte,1,1
2508,60,3141,37617,405,9,WhatsApp,Sul,1,0
2509,51,18355,14956,514,6,Email,Sudeste,0,0
2510,42,10238,44563,278,14,Telefone,Nordeste,1,1
2511,67,6226,21640,224,1,Telefone,Sudeste,1,1
2512,46,13289,18685,584,0,Email,Centro-Oeste,0,0
2513,74,12517,38424,68,0,WhatsApp,Centro-Oeste,1,1
2514,56,1863,24740,320,6,Telefone,Norte,0,0
2515,48,11858,22345,606,4,Telefone,Norte,0,0
2516,73,4809,9728,19,3,WhatsApp,Norte,0,1
2517,64,18429,22186,640,4,WhatsApp,Nordeste,0,0
2518,60,4740,12420,343,9,Email,Sudeste,1,1
2519,67,8165,7932,594,9,Telefone,Centro-Oeste,1,0
2520,40,14421,45471,343,5,Email,Sudeste,1,1
2521,61,3436,6689,97,11,Telefone,Nordeste,0,0
2522,55,15468,28539,52,14,WhatsApp,Sudeste,0,1
2523,37,12697,34410,175,9,WhatsApp,Sudeste,1,1
2524,40,13498,30726,338,5,WhatsApp,Norte,0,0
2525,62,2382,8114,694,0,Email,Sudeste,1,0
2526,69,8423,47521,353,1,WhatsApp,Sudeste,1,1
2527,33,15208,21724,391,2,Email,Sudeste,1,1
2528,67,6704,18513,115,3,Email,Sul,1,1
2529,59,8788,21946,348,5,Email,Centro-Oeste,1,0
2530,72,4703,40173,1,11,WhatsApp,Centro-Oeste,1,1
2531,25,3744,38157,63,11,Email,Sudeste,1,1
2532,67,1518,5339,226,10,WhatsApp,Norte,1,1
2533,38,18525,37225,423,12,WhatsApp,Norte,1,1
2534,18,4583,30703,19,8,WhatsApp,Norte,1,1
2535,72,10021,1057,31,11,Email,Centro-Oeste,1,1
2536,25,18749,31166,633,1,WhatsApp,Nordeste,1,0
2537,46,2273,37889,24,7,Telefone,Sudeste,1,0
2538,49,6232,48200,211,8,WhatsApp,Centro-Oeste,1,0
2539,55,8295,34107,161,1,WhatsApp,Norte,1,1
2540,22,8484,25078,255,8,WhatsApp,Centro-Oeste,1,1
2541,64,4067,9743,571,6,Email,Centro-Oeste,0,0
2542,39,17621,10096,114,8,Telefone,Centro-Oeste,1,1
2543,64,3174,7498,504,5,Email,Norte,0,0
2544,51,12375,10629,672,1,Telefone,Nordeste,1,0
2545,18,13072,1010,220,7,Email,Sul,1,0
2546,72,2239,12096,357,9,Telefone,Sudeste,1,0
2547,72,3045,13474,169,14,Telefone,Sudeste,0,0
2548,43,10827,1637,524,8,Telefone,Centro-Oeste,0,0
2549,60,6627,46968,242,11,WhatsApp,Nordeste,1,0
2550,27,10565,28397,375,7,Email,Norte,0,0
2551,47,11992,5166,139,1,Telefone,Sul,0,0
2552,67,15249,9406,97,14,Email,Sul,1,1
2553,35,10545,22318,147,7,Telefone,Centro-Oeste,1,1
2554,34,11021,43746,182,2,WhatsApp,Centro-Oeste,1,0
2555,43,10169,3154,57,2,Telefone,Norte,1,1
2556,25,12783,34258,42,8,WhatsApp,Norte,1,1
2557,64,8498,24704,711,12,Telefone,Norte,1,0
2558,57,14940,35428,543,8,Telefone,Centro-Oeste,1,0
2559,66,14197,31052,692,14,Email,Nordeste,0,0
2560,29,15233,48404,2,8,WhatsApp,Centro-Oeste,1,1
2561,44,2769,10836,288,3,WhatsApp,Centro-Oeste,1,0
2562,25,9368,47537,138,11,WhatsApp,Sul,1,1
2563,42,13873,16706,617,13,WhatsApp,Norte,0,0
2564,63,7461,35331,512,6,Email,Sudeste,1,0
2565,21,17234,44063,222,12,Email,Norte,1,1
2566,50,11161,18861,331,7,Telefone,Nordeste,1,1
2567,18,10069,41835,617,14,Email,Nordeste,1,0
2568,36,9057,9433,404,14,WhatsApp,Norte,1,1
2569,48,19564,26316,508,12,WhatsApp,Norte,0,1
2570,33,9933,16119,127,14,WhatsApp,Centro-Oeste,1,1
2571,31,17153,38187,265,12,Email,Sudeste,0,0
2572,70,10611,27443,712,4,Telefone,Centro-Oeste,1,0
2573,65,7182,27319,15,12,Telefone,Sul,1,1
2574,22,16979,12241,226,14,WhatsApp,Sul,1,1
2575,58,16547,9298,105,14,WhatsApp,Nordeste,0,1
2576,43,9584,25643,493,0,Email,Nordeste,0,1
2577,45,17953,33247,319,14,WhatsApp,Sudeste,1,1
2578,19,7700,47834,219,8,Telefone,Nordeste,0,0
2579,67,11778,34151,277,5,WhatsApp,Sul,0,0
2580,23,3507,21682,341,2,WhatsApp,Sudeste,1,0
2581,26,17302,9915,452,2,Telefone,Sul,1,0
2582,50,14829,11585,369,13,WhatsApp,Norte,1,1
2583,58,4279,15508,474,13,Telefone,Norte,1,0
2584,42,2255,22602,190,9,Telefone,Sudeste,0,0
2585,65,7995,18952,419,0,Telefone,Centro-Oeste,0,0
2586,30,11687,8620,710,12,Telefone,Nordeste,1,0
2587,26,11013,8320,495,7,Telefone,Sudeste,1,1
2588,70,18900,45169,39,1,WhatsApp,Nordeste,0,1
2589,30,8847,18670,162,11,Telefone,Sul,1,1
2590,48,15749,16759,121,0,Telefone,Centro-Oeste,1,1
2591,58,16379,22599,399,6,WhatsApp,Nordeste,1,1
2592,28,15557,10149,262,13,Email,Norte,0,1
2593,21,13557,30755,561,10,Telefone,Norte,1,1
2594,51,6438,41537,604,8,Email,Sul,1,0
2595,55,2237,12305,129,5,Email,Sudeste,0,0
2596,63,7700,43647,540,7,WhatsApp,Nordeste,0,0
2597,21,9871,9244,356,7,Telefone,Sul,0,0
2598,55,18115,46553,660,8,WhatsApp,Norte,1,1
2599,36,19801,41741,432,6,WhatsApp,Norte,1,1
2600,23,10034,32805,65,8,Email,Norte,0,0
2601,51,4123,26357,218,14,Telefone,Centro-Oeste,1,0
2602,35,10146,11179,563,8,WhatsApp,Centro-Oeste,1,0
2603,30,15043,47873,427,11,Telefone,Norte,0,0
2604,58,14317,30329,74,10,Email,Sudeste,1,1
2605,40,5997,11485,460,0,Telefone,Centro-Oeste,0,0
2606,36,9433,28787,425,5,Telefone,Nordeste,0,0
2607,62,8227,12891,711,11,Telefone,Centro-Oeste,1,0
2608,28,13656,5361,192,7,WhatsApp,Nordeste,0,1
2609,18,19449,34864,189,9,WhatsApp,Centro-Oeste,1,1
2610,41,18192,17363,12,8,Telefone,Norte,1,1
2611,71,10127,31999,239,14,WhatsApp,Nordeste,0,0
2612,24,9868,28294,593,3,Telefone,Sudeste,0,0
2613,42,18022,43423,453,12,Telefone,Centro-Oeste,1,1
2614,38,18077,8419,383,1,Telefone,Centro-Oeste,0,0
2615,32,17077,43602,48,10,WhatsApp,Norte,0,0
2616,18,14972,20782,317,8,WhatsApp,Nordeste,1,1
2617,29,2442,47896,209,8,WhatsApp,Norte,1,0
2618,24,6120,35340,547,11,Telefone,Nordeste,0,0
2619,32,17695,42755,119,7,WhatsApp,Centro-Oeste,1,1
2620,38,12654,6124,577,2,Telefone,Centro-Oeste,1,1
2621,36,7853,34206,315,4,WhatsApp,Centro-Oeste,1,0
2622,46,10645,8676,36,1,Telefone,Centro-Oeste,1,1
2623,42,10994,34029,463,13,WhatsApp,Sul,0,0
2624,50,15062,13441,554,2,Telefone,Centro-Oeste,0,0
2625,66,4380,2169,581,0,WhatsApp,Centro-Oeste,0,0
2626,49,2045,40396,403,3,WhatsApp,Nordeste,0,0
2627,66,15632,20746,107,4,Email,Centro-Oeste,1,1
2628,52,14804,45359,39,11,WhatsApp,Centro-Oeste,1,1
2629,61,3427,40576,581,1,Telefone,Nordeste,1,0
2630,55,17888,20823,180,14,Email,Centro-Oeste,1,1
2631,43,13173,34394,12,14,Telefone,Centro-Oeste,1,1
2632,28,16872,6521,339,2,Email,Norte,1,1
2633,52,4163,39705,716,11,WhatsApp,Sul,1,0
2634,25,16533,40307,548,5,WhatsApp,Nordeste,0,0
2635,63,10965,37403,126,5,WhatsApp,Norte,0,0
2636,31,4826,48379,63,14,WhatsApp,Sudeste,0,0
2637,27,5159,45232,82,6,WhatsApp,Sudeste,0,0
2638,19,19015,9211,299,11,WhatsApp,Sul,0,1
2639,63,6263,8404,34,8,Telefone,Sudeste,1,0
2640,26,12328,35551,609,3,Email,Sul,1,0
2641,20,16320,21442,49,4,WhatsApp,Sudeste,1,1
2642,38,12721,24751,658,10,WhatsApp,Sudeste,1,1
2643,43,12711,25558,637,1,WhatsApp,Norte,1,1
2644,25,15069,35745,701,5,WhatsApp,Sudeste,0,0
2645,65,6592,3593,57,3,Telefone,Sul,1,1
2646,19,7522,25418,109,4,WhatsApp,Centro-Oeste,0,1
2647,23,14069,7707,517,6,WhatsApp,Centro-Oeste,1,1
2648,45,15015,9894,24,5,Telefone,Centro-Oeste,0,1
2649,70,7659,27474,221,7,Email,Sul,1,0
2650,46,14723,28672,315,5,Telefone,Sul,1,1
2651,43,9945,32783,294,9,Telefone,Centro-Oeste,1,1
2652,42,12522,48109,10,13,WhatsApp,Sudeste,0,1
2653,29,4544,39495,677,7,WhatsApp,Centro-Oeste,1,0
2654,22,11112,13780,481,12,WhatsApp,Nordeste,1,1
2655,51,7136,36803,638,13,WhatsApp,Sul,0,0
2656,65,13093,27953,267,13,Email,Nordeste,1,0
2657,54,17679,43850,88,3,Telefone,Nordeste,1,1
2658,32,4392,3413,455,11,WhatsApp,Sul,1,0
2659,61,7312,26265,626,6,WhatsApp,Centro-Oeste,0,0
2660,53,2154,2840,533,2,WhatsApp,Norte,1,0
2661,32,18643,26679,148,0,Telefone,Nordeste,0,0
2662,60,3298,28373,431,12,WhatsApp,Centro-Oeste,0,0
2663,65,6659,38557,242,8,WhatsApp,Norte,0,0
2664,40,13118,1097,702,8,Telefone,Nordeste,0,0
2665,23,9946,29619,66,5,WhatsApp,Centro-Oeste,1,1
2666,63,5323,15525,378,14,WhatsApp,Nordeste,0,0
2667,67,17599,7645,388,1,WhatsApp,Centro-Oeste,1,0
2668,61,19760,36170,209,7,WhatsApp,Sudeste,1,1
2669,60,9287,42223,415,9,WhatsApp,Sudeste,1,1
2670,62,12696,8194,16,5,WhatsApp,Sul,0,0
2671,38,7880,5330,297,6,Telefone,Norte,1,0
2672,40,18892,24430,220,12,Telefone,Nordeste,1,1
2673,60,11202,24252,367,0,Telefone,Nordeste,0,0
2674,72,4182,43102,229,2,Email,Centro-Oeste,1,1
2675,33,2489,10989,631,14,WhatsApp,Norte,0,0
2676,64,13976,33192,440,0,Email,Nordeste,0,0
2677,70,9946,16268,690,9,WhatsApp,Norte,1,0
2678,32,6211,43632,532,0,WhatsApp,Norte,0,0
2679,42,7979,2660,450,11,WhatsApp,Sudeste,1,0
2680,53,14661,46536,36,11,WhatsApp,Nordeste,0,1
2681,28,16135,20633,422,10,Email,Nordeste,1,1
2682,68,9575,47753,620,12,WhatsApp,Sul,0,0
2683,32,2507,36190,189,0,WhatsApp,Norte,0,0
2684,21,9188,23370,178,3,WhatsApp,Centro-Oeste,1,1
2685,38,12263,24996,608,12,WhatsApp,Sudeste,1,0
2686,30,5408,37072,315,6,WhatsApp,Sul,1,0
2687,39,13457,2868,20,6,WhatsApp,Sudeste,1,1
2688,36,5879,48425,676,11,WhatsApp,Centro-Oeste,0,0
2689,51,17982,41361,382,12,Email,Sul,1,1
2690,31,2377,37200,609,4,WhatsApp,Sudeste,1,0
2691,21,17085,29703,143,11,WhatsApp,Centro-Oeste,1,1
2692,65,19752,12052,62,5,Telefone,Sul,0,1
2693,70,19272,6108,242,1,Email,Centro-Oeste,1,1
2694,69,4137,46167,238,4,WhatsApp,Sul,1,0
2695,63,8742,22985,131,6,WhatsApp,Nordeste,1,1
2696,44,10757,42560,605,13,Email,Nordeste,0,0
2697,46,10113,10362,603,8,WhatsApp,Sudeste,1,0
2698,64,4383,38799,645,5,Telefone,Norte,1,0
2699,45,2704,10912,123,11,WhatsApp,Norte,0,0
2700,52,18428,21854,440,13,Email,Centro-Oeste,1,1
2701,25,13331,6844,342,9,Email,Sul,1,1
2702,33,16964,41155,419,3,Email,Nordeste,0,0
2703,59,19107,18493,630,2,WhatsApp,Norte,0,1
2704,53,15494,29182,455,8,WhatsApp,Nordeste,0,0
2705,47,8020,49426,198,6,WhatsApp,Centro-Oeste,0,0
2706,35,2154,28915,282,10,Email,Centro-Oeste,0,0
2707,19,9912,19823,1,13,Email,Sul,0,0
2708,66,5166,18497,332,12,WhatsApp,Norte,0,0
2709,30,5777,4179,212,5,Telefone,Centro-Oeste,1,1
2710,21,7015,29989,87,6,WhatsApp,Centro-Oeste,1,1
2711,43,10705,40808,665,14,WhatsApp,Nordeste,1,0
2712,42,16698,9988,699,7,Telefone,Sudeste,1,1
2713,47,5485,40342,61,4,WhatsApp,Norte,0,0
2714,28,14635,4496,95,2,WhatsApp,Sul,1,1
2715,24,9667,6195,553,2,WhatsApp,Sul,0,0
2716,48,8948,30704,147,12,Email,Nordeste,1,1
2717,61,5181,23882,246,1,Email,Sul,0,0
2718,27,18456,14735,644,7,Email,Centro-Oeste,0,0
2719,56,11024,2866,297,0,Telefone,Norte,0,0
2720,30,6253,27967,123,11,Telefone,Sul,1,1
2721,48,8582,47432,655,7,WhatsApp,Norte,0,0
2722,24,5502,7264,694,2,Email,Sul,0,0
2723,73,7129,25860,704,8,Telefone,Sudeste,0,0
2724,66,13778,48795,456,11,Telefone,Sudeste,1,1
2725,59,9917,32423,399,13,Telefone,Norte,1,0
2726,59,3497,30675,719,11,Email,Sudeste,1,0
2727,73,10463,16792,231,10,WhatsApp,Sudeste,1,1
2728,53,17284,2114,534,1,WhatsApp,Centro-Oeste,1,1
2729,37,6024,21439,402,9,Telefone,Sul,0,0
2730,21,4907,47664,592,8,Email,Sudeste,0,0
2731,71,8231,19300,130,5,Telefone,Norte,1,1
2732,24,9295,23746,292,0,WhatsApp,Centro-Oeste,1,0
2733,71,12832,32188,276,4,WhatsApp,Sudeste,1,1
2734,18,4411,28462,376,9,Telefone,Norte,1,0
2735,61,18134,30264,55,8,Telefone,Sul,1,1
2736,73,16694,32970,578,12,Telefone,Sudeste,1,1
2737,62,6451,39001,26,5,WhatsApp,Norte,1,1
2738,59,9598,3716,441,6,Email,Norte,0,0
2739,64,17617,22572,197,3,Telefone,Nordeste,0,1
2740,30,9602,28742,642,0,Telefone,Norte,1,0
2741,72,7065,37632,243,4,WhatsApp,Nordeste,0,0
2742,39,2673,45537,190,1,WhatsApp,Sul,0,0
2743,71,10124,18361,568,7,Email,Sul,1,1
2744,38,15894,47097,567,3,WhatsApp,Centro-Oeste,1,1
2745,39,14756,5460,276,0,Telefone,Nordeste,1,1
2746,45,2335,19281,409,9,WhatsApp,Norte,1,0
2747,26,13324,41569,340,6,Telefone,Centro-Oeste,0,0
2748,43,6067,31626,153,11,WhatsApp,Centro-Oeste,1,1
2749,26,5315,42109,565,10,WhatsApp,Sul,1,0
2750,32,18130,23078,398,1,Email,Norte,1,0
2751,27,3929,40998,444,2,Telefone,Nordeste,1,0
2752,41,10682,18383,623,13,WhatsApp,Sul,0,0
2753,74,10618,30282,427,8,WhatsApp,Centro-Oeste,0,0
2754,59,13130,17479,487,14,Email,Sudeste,1,1
2755,25,4107,34246,204,12,WhatsApp,Centro-Oeste,1,1
2756,41,7430,1230,112,8,Telefone,Sudeste,0,1
2757,33,5522,556,325,1,WhatsApp,Sul,1,1
2758,66,13491,31957,258,2,Email,Nordeste,1,1
2759,43,8117,2743,528,10,Telefone,Norte,1,1
2760,44,4651,2201,350,11,Telefone,Sudeste,1,0
2761,54,7080,8803,678,8,WhatsApp,Norte,1,0
2762,21,8554,15600,435,0,Email,Sul,1,1
2763,67,9119,46266,426,1,WhatsApp,Sul,1,0
2764,41,17323,42661,280,10,Email,Sul,0,0
2765,36,14747,1447,371,1,WhatsApp,Nordeste,0,0
2766,53,6073,21005,670,9,Telefone,Sudeste,0,0
2767,56,16839,7053,249,13,WhatsApp,Norte,1,1
2768,27,4991,34025,181,2,Telefone,Centro-Oeste,1,0
2769,42,2206,15366,703,9,WhatsApp,Sul,1,0
2770,35,17228,30972,651,2,WhatsApp,Norte,0,0
2771,36,8497,44848,78,9,WhatsApp,Norte,0,0
2772,53,6733,6151,336,12,WhatsApp,Nordeste,0,0
2773,27,7255,7773,50,1,WhatsApp,Sudeste,0,0
2774,50,19218,10533,85,7,WhatsApp,Nordeste,0,1
2775,72,19731,4035,695,7,Email,Nordeste,0,0
2776,67,8351,19177,695,7,WhatsApp,Norte,0,0
2777,22,13626,17988,4,1,Telefone,Sudeste,1,1
2778,64,9365,42121,317,14,WhatsApp,Sudeste,0,0
2779,66,13618,1408,111,12,Telefone,Sudeste,1,1
2780,52,4817,5117,334,8,WhatsApp,Sul,1,1
2781,61,13712,43316,133,10,Email,Sudeste,0,1
2782,51,12847,30931,612,6,Email,Norte,1,1
2783,50,11890,23953,684,11,WhatsApp,Sul,0,0
2784,72,16363,35579,119,4,Telefone,Centro-Oeste,0,1
2785,38,18048,16520,350,6,WhatsApp,Nordeste,1,1
2786,34,8560,46853,687,7,Telefone,Sudeste,1,0
2787,39,17004,47285,542,8,WhatsApp,Centro-Oeste,1,1
2788,65,4557,49823,55,1,WhatsApp,Sudeste,1,0
2789,54,5928,45820,361,5,WhatsApp,Nordeste,1,0
2790,32,1902,27062,708,8,Telefone,Norte,0,0
2791,52,10105,24873,453,12,WhatsApp,Norte,1,0
2792,45,17261,46605,553,5,Telefone,Nordeste,1,0
2793,24,2367,30664,685,1,Telefone,Centro-Oeste,0,0
2794,49,15279,2385,330,0,WhatsApp,Sul,1,1
2795,28,16655,1549,219,11,Telefone,Sul,0,1
2796,27,9710,43771,208,2,Email,Sudeste,1,0
2797,26,1864,1661,670,10,Email,Nordeste,1,0
2798,31,16866,1315,85,4,Telefone,Nordeste,0,1
2799,30,8071,37034,685,6,Telefone,Sul,1,0
2800,74,18463,27998,245,9,Telefone,Centro-Oeste,1,1
2801,42,15517,25537,685,9,WhatsApp,Nordeste,1,1
2802,19,7968,36507,335,2,WhatsApp,Norte,0,0
2803,52,5650,14442,212,8,WhatsApp,Norte,0,0
2804,24,14565,27778,596,9,WhatsApp,Nordeste,1,1
2805,38,5637,8772,685,11,WhatsApp,Centro-Oeste,0,0
2806,35,13736,34137,183,3,Email,Norte,1,1
2807,20,18336,38794,133,9,WhatsApp,Centro-Oeste,1,1
2808,59,13653,8241,350,1,Telefone,Sul,0,1
2809,71,15333,5194,282,2,Telefone,Sudeste,0,0
2810,56,2881,30806,293,4,WhatsApp,Sul,1,0
2811,58,9654,2434,269,2,WhatsApp,Sudeste,0,0
2812,66,2967,22056,197,4,Telefone,Norte,1,0
2813,28,14939,49586,537,3,Telefone,Sudeste,0,1
2814,56,18764,19407,653,12,Email,Sudeste,0,0
2815,41,13506,6659,20,10,WhatsApp,Nordeste,1,1
2816,63,4649,48987,713,9,Email,Sudeste,1,0
2817,36,9392,29658,405,12,WhatsApp,Nordeste,1,0
2818,21,17636,20793,115,2,Telefone,Sudeste,0,1
2819,43,2668,46261,701,11,Telefone,Nordeste,1,0
2820,55,13856,47081,26,5,WhatsApp,Norte,1,1
2821,59,4629,34432,566,7,WhatsApp,Norte,1,0
2822,49,16532,33887,682,12,WhatsApp,Sudeste,1,1
2823,56,4026,41250,395,11,WhatsApp,Centro-Oeste,0,0
2824,62,12559,3566,381,3,Telefone,Norte,1,1
2825,63,5016,21756,523,8,WhatsApp,Sul,1,1
2826,53,11886,41906,539,5,Telefone,Sul,1,1
2827,57,5055,35605,83,4,WhatsApp,Nordeste,1,1
2828,54,17512,6094,550,2,Telefone,Centro-Oeste,1,1
2829,50,15657,2960,445,4,Telefone,Nordeste,0,1
2830,53,6611,7320,87,4,Telefone,Sudeste,1,1
2831,20,8252,36710,387,13,Telefone,Norte,0,0
2832,26,18329,16691,668,14,WhatsApp,Centro-Oeste,1,1
2833,25,7864,19595,398,11,Email,Nordeste,0,0
2834,50,5126,49594,286,11,WhatsApp,Nordeste,1,0
2835,23,5375,11029,698,3,WhatsApp,Sul,1,0
2836,58,6997,32675,694,11,WhatsApp,Sudeste,0,0
2837,56,17479,18175,369,5,Telefone,Nordeste,1,1
2838,21,13029,43658,655,2,Telefone,Sul,1,0
2839,30,18145,47298,422,9,Telefone,Centro-Oeste,0,1
2840,66,14882,5874,718,0,WhatsApp,Nordeste,0,0
2841,19,5525,26476,654,6,WhatsApp,Sul,0,0
2842,22,11958,13642,697,6,Email,Sudeste,0,0
2843,61,15344,12704,443,11,Telefone,Norte,1,1
2844,44,5675,7894,520,3,WhatsApp,Centro-Oeste,1,0
2845,49,10674,34093,584,8,Telefone,Nordeste,1,0
2846,38,4943,42464,288,11,WhatsApp,Sul,1,0
2847,25,12225,12152,95,1,WhatsApp,Nordeste,1,1
2848,55,2193,34240,669,14,WhatsApp,Norte,1,0
2849,25,9847,44536,41,12,WhatsApp,Nordeste,1,1
2850,67,13280,943,331,0,WhatsApp,Nordeste,0,1
2851,20,19696,24403,155,14,Email,Sul,0,1
2852,71,15341,34022,504,2,Telefone,Norte,0,0
2853,61,15754,28680,275,6,WhatsApp,Centro-Oeste,1,0
2854,20,15521,49291,666,8,Telefone,Sul,0,0
2855,39,14868,21619,565,1,Email,Norte,0,1
2856,23,7224,10863,179,5,WhatsApp,Norte,1,1
2857,19,2907,44165,137,2,Email,Nordeste,1,0
2858,40,9532,38664,180,4,Telefone,Sudeste,1,1
2859,61,16072,32041,182,11,WhatsApp,Sudeste,1,0
2860,19,19294,3965,259,8,WhatsApp,Centro-Oeste,0,1
2861,55,8894,3211,243,2,WhatsApp,Nordeste,1,1
2862,34,18435,25698,96,0,Telefone,Sudeste,0,0
2863,52,13086,22988,197,4,WhatsApp,Sul,1,1
2864,51,14426,39015,526,0,Telefone,Centro-Oeste,1,0
2865,40,2497,24108,632,7,Telefone,Nordeste,1,0
2866,47,15890,28398,387,6,WhatsApp,Sul,1,1
2867,69,7599,2419,408,14,Email,Sudeste,1,1
2868,25,15009,31671,269,10,Email,Sudeste,1,1
2869,39,6990,46741,171,1,WhatsApp,Sudeste,1,0
2870,61,7116,21099,584,13,Email,Sudeste,1,0
2871,53,17458,17465,691,10,WhatsApp,Norte,1,1
2872,22,3748,47503,170,8,WhatsApp,Centro-Oeste,1,1
2873,30,18732,48978,159,4,WhatsApp,Centro-Oeste,0,1
2874,46,12248,14934,509,6,Telefone,Sudeste,1,1
2875,48,12014,46746,447,3,Telefone,Centro-Oeste,1,1
2876,64,10195,37149,666,11,WhatsApp,Sul,1,0
2877,74,9570,2499,82,12,WhatsApp,Sul,1,1
2878,72,10394,15349,57,0,WhatsApp,Centro-Oeste,0,0
2879,33,18198,11403,519,13,Email,Sudeste,0,1
2880,59,16623,47968,112,7,Email,Nordeste,0,0
2881,47,3876,5945,48,12,Telefone,Sudeste,1,1
2882,74,5878,35896,592,0,Telefone,Norte,0,0
2883,72,12682,18540,376,2,Telefone,Nordeste,1,1
2884,33,2074,746,33,5,WhatsApp,Norte,0,0
2885,29,14830,31653,504,7,WhatsApp,Centro-Oeste,0,0
2886,34,10449,5712,627,7,Telefone,Norte,0,0
2887,33,7170,3839,3,1,Telefone,Centro-Oeste,0,1
2888,29,8067,23642,486,8,WhatsApp,Norte,0,0
2889,25,14216,19894,516,3,Email,Nordeste,1,0
2890,37,7617,35636,42,3,Email,Norte,0,1
2891,20,9337,12686,9,14,WhatsApp,Sudeste,0,1
2892,33,18087,35107,657,13,Telefone,Centro-Oeste,1,1
2893,47,16031,39473,609,1,Email,Sul,0,0
2894,62,19876,4895,142,0,WhatsApp,Norte,1,1
2895,40,9998,15790,436,9,Telefone,Centro-Oeste,1,1
2896,45,19571,22651,27,6,WhatsApp,Sul,1,1
2897,68,5609,4191,43,10,WhatsApp,Centro-Oeste,1,0
2898,57,19744,7970,131,9,Email,Centro-Oeste,0,1
2899,71,18606,4341,216,2,WhatsApp,Sul,1,1
2900,22,15021,37616,606,3,WhatsApp,Sul,1,1
2901,37,10220,18276,520,10,WhatsApp,Nordeste,0,0
2902,57,6393,6560,598,8,WhatsApp,Norte,0,0
2903,73,18227,28084,345,5,WhatsApp,Norte,1,1
2904,61,9900,48793,508,13,Telefone,Centro-Oeste,0,0
2905,18,16106,4800,650,0,WhatsApp,Sudeste,1,1
2906,74,11639,3838,413,8,Telefone,Sudeste,1,1
2907,47,18803,5987,246,8,Telefone,Centro-Oeste,0,1
2908,38,3544,36782,449,4,WhatsApp,Nordeste,0,0
2909,37,18302,30029,21,7,Telefone,Sul,0,1
2910,23,19633,30762,408,6,Telefone,Centro-Oeste,1,1
2911,39,18983,11780,457,10,WhatsApp,Norte,0,1
2912,35,4892,43575,444,7,WhatsApp,Sudeste,1,0
2913,25,12172,29304,265,8,Telefone,Sudeste,1,1
2914,56,15944,10415,660,13,Email,Sudeste,1,1
2915,49,8284,11658,184,1,WhatsApp,Nordeste,0,0
2916,50,19429,9121,227,9,WhatsApp,Norte,1,1
2917,70,2570,11047,548,4,WhatsApp,Nordeste,0,0
2918,33,3350,23677,246,7,WhatsApp,Sul,0,0
2919,29,13890,46753,73,2,Telefone,Centro-Oeste,0,0
2920,55,4439,2959,150,10,WhatsApp,Centro-Oeste,1,1
2921,69,11595,29268,513,14,WhatsApp,Sudeste,1,0
2922,51,17801,38541,69,10,WhatsApp,Sudeste,0,1
2923,31,8694,42725,230,5,WhatsApp,Sul,1,0
2924,53,7351,38691,72,5,WhatsApp,Nordeste,0,0
2925,50,17878,17934,608,6,WhatsApp,Norte,1,1
2926,40,2178,38747,397,12,WhatsApp,Sul,0,0
2927,67,2488,15919,84,10,Email,Centro-Oeste,1,1
2928,62,3002,35517,299,2,Email,Centro-Oeste,1,1
2929,19,19673,36077,293,7,WhatsApp,Nordeste,1,1
2930,58,17698,3421,223,7,Telefone,Sul,0,1
2931,38,19309,5176,216,8,WhatsApp,Norte,1,1
2932,19,17367,20925,231,7,WhatsApp,Sul,1,1
2933,44,15766,35685,405,2,WhatsApp,Sul,0,1
2934,74,8154,13963,169,5,WhatsApp,Nordeste,0,1
2935,26,3940,25974,329,8,Telefone,Norte,1,0
2936,18,11734,41435,426,0,WhatsApp,Centro-Oeste,1,1
2937,28,8867,1969,554,2,WhatsApp,Sudeste,0,0
2938,20,14990,7792,196,1,Telefone,Norte,1,1
2939,69,4094,25909,608,11,Telefone,Centro-Oeste,1,0
2940,40,7017,24026,526,7,WhatsApp,Nordeste,1,0
2941,43,10719,23965,625,5,WhatsApp,Norte,1,0
2942,21,7810,31455,77,9,WhatsApp,Norte,1,1
2943,35,5039,27285,277,10,WhatsApp,Centro-Oeste,0,1
2944,72,16244,21533,466,10,WhatsApp,Centro-Oeste,1,0
2945,23,7878,7431,448,7,WhatsApp,Sul,1,1
2946,52,10865,1591,320,1,Telefone,Sul,1,1
2947,39,12922,26272,160,10,Telefone,Norte,0,0
2948,60,6411,16863,492,5,Telefone,Sudeste,1,0
2949,32,1903,28990,313,6,WhatsApp,Nordeste,1,0
2950,39,14680,760,631,7,WhatsApp,Centro-Oeste,0,0
2951,54,5663,10956,161,8,WhatsApp,Sul,1,1
2952,69,17971,22820,308,4,Telefone,Nordeste,0,0
2953,59,15836,13935,146,10,WhatsApp,Norte,1,1
2954,29,6970,42645,675,2,Email,Centro-Oeste,1,0
2955,64,16453,49081,396,1,Telefone,Centro-Oeste,1,1
2956,66,7776,27525,691,7,Email,Sul,1,0
2957,59,7239,28609,89,0,Telefone,Sudeste,0,0
2958,55,8023,21254,308,9,Email,Centro-Oeste,0,0
2959,35,16493,4801,546,14,Telefone,Sudeste,1,1
2960,62,14373,7707,371,5,Email,Nordeste,1,1
2961,52,14919,28420,451,1,WhatsApp,Centro-Oeste,1,1
2962,47,15957,22703,167,2,WhatsApp,Centro-Oeste,0,1
2963,41,3564,49744,392,7,Telefone,Sudeste,1,1
2964,59,6815,22045,637,0,Email,Sul,1,0
2965,47,12066,24516,491,5,WhatsApp,Norte,0,0
2966,31,1817,31598,150,2,WhatsApp,Nordeste,0,0
2967,23,19386,9056,468,5,Telefone,Centro-Oeste,1,1
2968,20,7630,47063,701,2,Telefone,Sul,1,1
2969,33,8919,20602,43,10,WhatsApp,Centro-Oeste,1,1
2970,24,3542,39393,29,10,Telefone,Nordeste,1,0
2971,69,6098,2424,632,7,Email,Norte,0,0
2972,31,11714,19979,31,4,Email,Centro-Oeste,1,1
2973,26,1618,39951,693,3,WhatsApp,Sudeste,0,0
2974,32,2209,19422,674,8,WhatsApp,Sul,1,0
2975,38,17357,19160,128,14,WhatsApp,Norte,0,1
2976,52,14101,46599,294,4,WhatsApp,Centro-Oeste,1,0
2977,19,4750,10445,441,11,WhatsApp,Norte,1,0
2978,44,9561,806,388,13,Telefone,Sudeste,0,0
2979,19,10109,23459,642,3,WhatsApp,Centro-Oeste,0,0
2980,52,4103,4731,524,7,Email,Norte,1,1
2981,35,13546,39296,547,7,Email,Centro-Oeste,1,1
2982,31,18985,12707,710,7,WhatsApp,Centro-Oeste,1,1
2983,37,9357,39926,110,3,Email,Norte,1,0
2984,35,13120,6836,328,12,Telefone,Centro-Oeste,0,0
2985,27,9677,47164,405,0,Telefone,Sudeste,0,0
2986,42,13326,10130,245,1,WhatsApp,Norte,1,0
2987,19,15390,17756,163,3,Telefone,Norte,1,1
2988,42,18392,34409,560,9,WhatsApp,Sudeste,1,1
2989,71,15330,41668,399,1,Telefone,Sudeste,1,1
2990,50,10984,34219,583,10,WhatsApp,Sudeste,1,1
2991,53,6995,42517,399,9,Telefone,Centro-Oeste,0,0
2992,48,12767,46204,493,13,WhatsApp,Centro-Oeste,0,0
2993,31,8898,30513,646,13,WhatsApp,Nordeste,0,0
2994,18,8243,14955,239,2,Telefone,Centro-Oeste,0,1
2995,63,6671,5222,465,8,Telefone,Sudeste,1,0
2996,33,17505,13312,580,14,WhatsApp,Nordeste,1,1
2997,71,18208,30776,32,8,WhatsApp,Sudeste,1,1
2998,63,14504,37276,123,13,Email,Sul,1,1
2999,69,12462,10560,534,14,Telefone,Norte,1,1
3000,20,12275,13556,667,10,WhatsApp,Sul,1,0
3001,52,5057,7155,110,8,Telefone,Sudeste,1,0
3002,58,5087,23074,271,6,WhatsApp,Centro-Oeste,0,1
3003,23,18035,13527,380,14,WhatsApp,Norte,1,1
3004,42,2454,4530,300,3,Telefone,Centro-Oeste,0,0
3005,30,15294,24743,627,0,Email,Centro-Oeste,1,1
3006,70,2187,33789,249,2,Telefone,Norte,0,0
3007,51,10001,20239,521,14,WhatsApp,Norte,1,0
3008,25,16638,34668,34,13,Email,Sul,0,0
3009,38,11194,45198,228,7,WhatsApp,Sudeste,1,1
3010,51,4627,36991,585,3,Email,Centro-Oeste,1,0
3011,21,14260,30513,399,9,WhatsApp,Sudeste,1,1
3012,42,13059,7079,584,9,WhatsApp,Sudeste,1,1
3013,32,16296,18742,570,1,Telefone,Nordeste,1,1
3014,21,4895,5281,220,13,WhatsApp,Sul,1,1
3015,62,2345,20948,371,7,Telefone,Centro-Oeste,0,0
3016,29,2664,46141,528,6,Telefone,Norte,0,0
3017,49,14454,49794,75,10,WhatsApp,Norte,0,0
3018,49,7404,21946,618,9,Telefone,Sudeste,1,0
3019,45,15231,11543,136,8,WhatsApp,Sul,1,1
3020,30,1854,20353,74,1,WhatsApp,Sul,0,0
3021,48,19756,49643,254,14,Email,Centro-Oeste,1,1
3022,31,19908,20579,18,4,Email,Centro-Oeste,1,1
3023,37,4317,17601,43,5,WhatsApp,Sudeste,0,0
3024,35,5332,1142,50,12,Telefone,Sudeste,1,1
3025,46,13967,28516,515,1,WhatsApp,Sudeste,0,1
3026,23,9757,19432,571,14,Telefone,Nordeste,1,1
3027,49,14607,45153,576,1,Email,Sul,1,0
3028,46,13958,25445,582,12,WhatsApp,Sudeste,0,0
3029,60,12213,8049,303,14,Email,Sul,1,1
3030,19,4081,13897,142,13,WhatsApp,Norte,0,0
3031,40,11082,25862,202,13,WhatsApp,Norte,0,0
3032,36,9918,48342,207,9,Email,Sul,1,1
3033,48,15919,47039,415,13,Telefone,Norte,0,0
3034,68,13314,34217,221,3,WhatsApp,Norte,0,1
3035,22,2536,23516,362,14,Telefone,Norte,0,0
3036,36,11524,15232,81,7,WhatsApp,Centro-Oeste,1,1
3037,51,12432,27411,563,14,WhatsApp,Centro-Oeste,0,0
3038,27,8935,18366,285,13,Email,Sul,1,1
3039,42,3048,43107,369,14,Telefone,Sul,0,0
3040,19,6565,28121,492,12,Email,Nordeste,0,0
3041,28,4907,13323,346,10,WhatsApp,Centro-Oeste,1,1
3042,67,2139,30486,204,4,Telefone,Sul,0,0
3043,48,1672,15190,25,8,Email,Centro-Oeste,1,0
3044,73,7166,39607,553,3,WhatsApp,Nordeste,1,0
3045,32,5854,11456,69,2,WhatsApp,Sul,1,0
3046,26,11609,21803,516,9,Telefone,Sul,0,0
3047,40,4386,37033,492,14,WhatsApp,Sul,1,0
3048,36,3664,30174,240,7,WhatsApp,Sul,0,0
3049,26,5445,36095,361,0,Email,Sudeste,1,1
3050,52,11901,2558,441,8,Email,Centro-Oeste,1,1
3051,38,9246,12019,31,3,Telefone,Centro-Oeste,1,1
3052,26,13475,31615,629,10,Telefone,Centro-Oeste,0,0
3053,45,9254,1230,707,8,Email,Nordeste,0,0
3054,63,17096,2332,602,7,Telefone,Sudeste,1,1
3055,68,6685,41868,690,2,WhatsApp,Centro-Oeste,0,0
3056,24,2593,23389,657,2,WhatsApp,Centro-Oeste,1,0
3057,33,5380,48886,714,13,WhatsApp,Sul,0,0
3058,33,12186,40438,322,8,WhatsApp,Sul,1,1
3059,50,12271,4679,344,2,WhatsApp,Sul,1,1
3060,21,12180,6799,715,3,WhatsApp,Centro-Oeste,0,0
3061,21,4285,8330,536,8,WhatsApp,Sul,1,1
3062,56,16299,44707,355,11,WhatsApp,Centro-Oeste,0,0
3063,57,17780,38070,471,3,Telefone,Nordeste,0,0
3064,34,8039,22941,105,10,WhatsApp,Nordeste,0,0
3065,54,19458,7115,322,2,Telefone,Norte,0,1
3066,56,17516,7262,572,13,WhatsApp,Sudeste,0,0
3067,69,16230,38811,527,6,Email,Sul,1,0
3068,46,12065,25209,504,5,Email,Sul,1,1
3069,69,9560,38151,85,0,Telefone,Sudeste,0,0
3070,53,5490,23934,709,13,Telefone,Sudeste,1,0
3071,55,19073,21843,235,9,Email,Norte,1,1
3072,56,5595,16239,263,7,WhatsApp,Sudeste,1,0
3073,67,16049,1166,6,0,Email,Centro-Oeste,1,1
3074,54,19759,33544,494,3,Telefone,Sul,0,1
3075,69,11479,28383,289,5,Telefone,Sudeste,1,0
3076,52,6908,14563,570,5,WhatsApp,Centro-Oeste,1,0
3077,24,15437,34149,657,6,Telefone,Sudeste,0,0
3078,44,4333,35328,554,13,Telefone,Centro-Oeste,1,0
3079,45,6785,47945,350,10,Telefone,Nordeste,0,0
3080,39,11089,39970,200,11,Telefone,Centro-Oeste,1,1
3081,31,16208,9929,686,13,WhatsApp,Norte,0,0
3082,24,15616,49121,335,4,WhatsApp,Centro-Oeste,1,1
3083,54,9145,33426,607,4,WhatsApp,Sudeste,1,0
3084,39,13518,49264,217,3,WhatsApp,Nordeste,0,0
3085,22,12389,38497,623,5,WhatsApp,Nordeste,0,0
3086,72,6277,41224,353,6,WhatsApp,Centro-Oeste,1,1
3087,19,17494,32769,692,9,WhatsApp,Sudeste,1,1
3088,44,4235,32204,675,14,WhatsApp,Nordeste,1,0
3089,38,15111,28891,631,9,WhatsApp,Centro-Oeste,1,1
3090,71,7868,24687,325,0,Email,Centro-Oeste,1,0
3091,55,18705,45834,228,8,Telefone,Centro-Oeste,0,1
3092,32,1662,3026,145,14,Telefone,Nordeste,1,1
3093,38,9277,25186,308,13,WhatsApp,Sul,0,0
3094,27,16349,8303,654,7,Telefone,Sudeste,0,1
3095,40,19816,33168,634,6,Telefone,Norte,1,1
3096,73,5035,7074,285,8,Email,Norte,1,1
3097,56,14903,9233,392,2,Telefone,Sudeste,0,1
3098,22,16016,7757,360,9,Telefone,Sul,1,1
3099,18,9459,36551,165,3,Email,Sudeste,1,1
3100,30,5433,16409,581,6,WhatsApp,Centro-Oeste,0,0
3101,38,4885,24646,224,5,WhatsApp,Sudeste,1,1
3102,43,2422,12302,124,13,Telefone,Sudeste,1,1
3103,67,11867,8396,344,12,WhatsApp,Nordeste,1,1
3104,62,15237,28633,524,1,WhatsApp,Norte,1,1
3105,38,2064,14026,52,1,Telefone,Norte,0,0
3106,70,12289,11778,129,9,WhatsApp,Centro-Oeste,1,1
3107,35,4000,46510,135,6,Telefone,Centro-Oeste,1,0
3108,54,8381,26051,657,8,Email,Nordeste,1,0
3109,62,5136,25798,127,10,WhatsApp,Centro-Oeste,0,0
3110,49,1723,35838,71,14,WhatsApp,Sul,1,0
3111,53,7797,22691,273,11,WhatsApp,Nordeste,1,1
3112,34,16395,33592,187,8,WhatsApp,Nordeste,1,1
3113,52,1850,24371,3,6,WhatsApp,Sudeste,0,0
3114,66,19812,10221,285,10,WhatsApp,Sudeste,1,1
3115,28,6232,38913,22,7,WhatsApp,Sul,1,1
3116,38,2517,30779,166,9,WhatsApp,Nordeste,1,1
3117,69,16729,14904,310,2,Telefone,Nordeste,0,0
3118,72,8670,4986,477,0,Email,Sudeste,1,0
3119,70,14803,35698,498,6,Telefone,Norte,1,1
3120,43,7707,29187,434,7,Telefone,Norte,0,0
3121,21,13816,13656,234,1,WhatsApp,Sudeste,0,0
3122,51,3919,1067,670,14,Telefone,Centro-Oeste,0,0
3123,69,7740,2679,663,8,WhatsApp,Nordeste,0,0
3124,65,3393,2519,376,3,WhatsApp,Sul,1,1
3125,35,15253,16419,246,9,Email,Norte,0,0
3126,57,6822,20203,303,10,WhatsApp,Centro-Oeste,0,0
3127,52,12732,19204,405,8,WhatsApp,Nordeste,1,1
3128,58,19009,18530,663,12,Email,Centro-Oeste,1,1
3129,46,4617,4409,708,2,Email,Nordeste,0,0
3130,69,5661,8515,21,7,WhatsApp,Nordeste,1,0
3131,46,17023,3920,257,10,WhatsApp,Sudeste,0,0
3132,55,5542,48153,399,1,Telefone,Sudeste,0,0
3133,59,5933,17240,529,14,Telefone,Sul,1,1
3134,38,15516,40753,51,13,WhatsApp,Sul,1,1
3135,59,4158,30828,447,2,Telefone,Centro-Oeste,1,0
3136,30,12410,19965,270,0,Email,Sudeste,1,1
3137,66,4444,4631,595,4,WhatsApp,Nordeste,1,0
3138,58,8710,11152,636,3,Email,Sudeste,1,0
3139,34,10287,22007,262,12,Email,Nordeste,1,1
3140,73,3486,47647,365,0,WhatsApp,Sudeste,1,0
3141,26,12442,48171,49,9,Telefone,Nordeste,1,1
3142,58,18958,49181,518,8,WhatsApp,Centro-Oeste,0,0
3143,18,13661,24306,629,5,Telefone,Sudeste,0,0
3144,19,4507,19671,118,5,Telefone,Norte,0,0
3145,65,2469,21093,453,13,WhatsApp,Norte,1,0
3146,46,10272,9970,641,10,Telefone,Nordeste,1,0
3147,50,4324,44808,397,1,Email,Centro-Oeste,1,0
3148,27,2711,21826,683,14,WhatsApp,Nordeste,0,0
3149,67,1729,5097,27,13,WhatsApp,Centro-Oeste,1,0
3150,57,17274,37804,711,6,WhatsApp,Sul,0,0
3151,38,15845,31288,372,11,Telefone,Sudeste,1,1
3152,45,4685,49977,97,11,Email,Centro-Oeste,1,0
3153,28,16511,43225,529,14,Email,Nordeste,1,1
3154,72,18385,37430,685,8,WhatsApp,Sul,0,0
3155,51,1548,33571,613,5,Telefone,Nordeste,0,0
3156,25,16673,5567,186,10,WhatsApp,Norte,0,0
3157,39,18270,5524,696,7,WhatsApp,Norte,0,0
3158,25,2469,8215,215,11,WhatsApp,Sudeste,1,0
3159,66,16053,32270,251,4,WhatsApp,Sudeste,0,1
3160,32,7320,11726,216,1,Telefone,Sul,1,1
3161,34,15792,35899,29,12,Email,Norte,1,1
3162,40,4552,13912,102,14,Telefone,Centro-Oeste,1,1
3163,41,13109,48305,123,3,Telefone,Norte,0,0
3164,62,3802,44915,54,11,WhatsApp,Sudeste,1,1
3165,36,3783,13069,283,0,Email,Nordeste,1,0
3166,22,16885,2869,614,0,Telefone,Sul,1,0
3167,49,11299,44927,117,5,Email,Norte,0,0
3168,61,17120,32521,616,14,WhatsApp,Centro-Oeste,1,0
3169,18,1622,1028,557,1,Telefone,Centro-Oeste,0,0
3170,40,10972,43770,114,5,Telefone,Centro-Oeste,1,1
3171,54,5227,30814,543,0,WhatsApp,Sul,1,0
3172,25,15232,37943,676,10,Telefone,Centro-Oeste,0,0
3173,30,6458,18547,701,9,Email,Centro-Oeste,0,0
3174,25,2024,20248,293,2,WhatsApp,Norte,1,0
3175,74,10579,35609,195,13,WhatsApp,Sul,0,0
3176,40,9899,14419,292,8,Telefone,Nordeste,1,1
3177,60,18032,47998,261,1,WhatsApp,Nordeste,1,1
3178,18,18321,15756,207,7,Telefone,Centro-Oeste,0,1
3179,62,11894,5405,564,5,Telefone,Sudeste,0,0
3180,68,5249,48807,49,11,WhatsApp,Sul,0,0
3181,41,12853,48523,6,5,Email,Sudeste,1,0
3182,52,15509,9384,379,6,Telefone,Sul,1,0
3183,41,12937,29406,394,4,Email,Sul,1,1
3184,34,6836,42411,224,11,Telefone,Norte,1,1
3185,22,6051,6450,23,10,Email,Centro-Oeste,1,1
3186,37,4323,1860,657,3,WhatsApp,Norte,0,0
3187,38,14416,38395,110,5,WhatsApp,Sudeste,1,1
3188,57,16667,22446,553,7,WhatsApp,Sudeste,0,0
3189,48,10177,47520,399,3,WhatsApp,Nordeste,0,0
3190,63,16368,9230,172,4,Email,Norte,1,1
3191,53,9891,22661,698,6,WhatsApp,Norte,1,0
3192,28,14158,28238,306,5,Email,Norte,0,0
3193,69,19866,4425,564,12,WhatsApp,Nordeste,1,1
3194,32,11163,8963,582,3,WhatsApp,Norte,1,1
3195,36,3811,17912,708,12,Email,Norte,1,0
3196,24,8725,22902,151,3,WhatsApp,Norte,0,0
3197,68,13065,34510,428,9,Telefone,Norte,0,0
3198,45,11770,26217,621,3,WhatsApp,Sudeste,1,1
3199,68,15060,42052,467,0,Email,Centro-Oeste,1,0
3200,60,18488,10297,630,4,Telefone,Sudeste,1,1
3201,22,17465,21094,607,7,Telefone,Norte,1,1
3202,22,7285,6906,556,6,WhatsApp,Sul,1,1
3203,47,13567,14465,67,4,WhatsApp,Sul,1,1
3204,71,10240,14233,156,2,Email,Nordeste,1,1
3205,49,15153,27426,206,14,Email,Sudeste,1,1
3206,25,18722,29283,155,14,WhatsApp,Nordeste,1,1
3207,27,5315,18324,691,10,WhatsApp,Nordeste,0,0
3208,55,18731,36894,509,0,WhatsApp,Sul,1,1
3209,64,6209,43342,572,12,WhatsApp,Sudeste,1,0
3210,49,6007,28787,74,6,Telefone,Centro-Oeste,0,1
3211,65,8075,17068,49,12,WhatsApp,Sudeste,1,1
3212,45,6273,30936,467,14,WhatsApp,Nordeste,0,0
3213,34,13946,21880,585,10,Telefone,Norte,0,0
3214,48,11964,25296,708,2,WhatsApp,Nordeste,1,0
3215,25,17364,8531,179,3,Telefone,Sudeste,0,1
3216,57,4820,22447,48,13,Email,Sul,1,1
3217,42,12250,3688,72,4,WhatsApp,Sudeste,0,1
3218,26,6198,26169,113,12,Telefone,Centro-Oeste,1,1
3219,19,19448,36213,159,14,WhatsApp,Norte,0,1
3220,32,19724,32313,30,11,WhatsApp,Norte,1,1
3221,67,7558,7265,97,7,WhatsApp,Nordeste,1,1
3222,20,2226,23671,251,12,WhatsApp,Sudeste,0,0
3223,66,8197,11307,519,6,WhatsApp,Sul,0,1
3224,53,13410,10704,92,8,WhatsApp,Centro-Oeste,1,1
3225,21,10757,27566,113,10,Email,Nordeste,0,0
3226,31,14463,42620,259,2,Telefone,Sudeste,0,1
3227,58,18166,37867,107,13,Email,Sul,0,0
3228,58,2581,23158,575,10,Telefone,Sudeste,1,0
3229,42,12276,37581,390,9,WhatsApp,Sul,1,1
3230,72,15696,35486,358,0,WhatsApp,Sudeste,1,1
3231,67,10844,14286,199,0,WhatsApp,Sudeste,1,1
3232,27,17458,29783,427,11,WhatsApp,Nordeste,0,0
3233,38,13189,556,478,9,Telefone,Sudeste,1,1
3234,53,18831,45801,503,12,Telefone,Sudeste,0,0
3235,29,6260,33411,658,13,WhatsApp,Nordeste,1,0
3236,44,14936,40486,573,0,WhatsApp,Nordeste,0,1
3237,57,1566,9059,120,1,WhatsApp,Norte,1,1
3238,19,2064,26558,573,1,WhatsApp,Norte,1,0
3239,71,14893,23245,309,6,WhatsApp,Nordeste,0,0
3240,30,5170,1115,538,8,Telefone,Centro-Oeste,1,0
3241,70,3751,8562,627,7,WhatsApp,Sul,0,0
3242,49,14449,28714,475,14,Telefone,Nordeste,1,1
3243,48,2304,44788,552,3,WhatsApp,Norte,1,0
3244,33,11083,39245,344,1,WhatsApp,Sudeste,0,0
3245,49,19119,44687,628,2,Email,Nordeste,0,1
3246,49,13724,43048,136,9,Telefone,Nordeste,1,1
3247,51,7516,11181,277,4,WhatsApp,Norte,1,0
3248,28,14536,7484,533,8,Email,Norte,1,1
3249,27,13892,28079,31,7,WhatsApp,Centro-Oeste,1,1
3250,32,9438,25774,247,12,WhatsApp,Norte,0,0
3251,34,5641,38239,411,11,Telefone,Norte,1,0
3252,57,11046,27899,27,13,Telefone,Norte,1,1
3253,35,6835,31981,73,2,WhatsApp,Sudeste,0,0
3254,72,6577,1444,97,8,WhatsApp,Nordeste,0,1
3255,26,14747,28957,673,9,Email,Nordeste,1,0
3256,42,7111,9614,346,2,WhatsApp,Norte,1,1
3257,57,9589,40346,476,9,WhatsApp,Centro-Oeste,0,0
3258,31,4392,18630,300,11,Telefone,Norte,1,0
3259,42,7077,12812,299,13,Email,Centro-Oeste,1,1
3260,67,19443,33096,287,7,WhatsApp,Nordeste,0,1
3261,39,8183,39051,449,0,Telefone,Centro-Oeste,1,1
3262,69,3007,10251,212,3,Telefone,Centro-Oeste,0,0
3263,47,17835,7407,76,3,WhatsApp,Sul,0,1
3264,37,3563,28614,401,5,Telefone,Centro-Oeste,1,1
3265,38,3500,25509,655,11,Email,Centro-Oeste,1,0
3266,61,17066,19810,34,11,WhatsApp,Sudeste,1,1
3267,49,2794,36225,498,1,WhatsApp,Nordeste,1,0
3268,68,16596,19496,516,6,Email,Norte,0,0
3269,63,5565,6547,328,4,Telefone,Sul,1,1
3270,66,15590,39517,98,9,WhatsApp,Centro-Oeste,1,1
3271,73,19487,29267,366,5,Telefone,Sudeste,0,1
3272,38,19206,16847,463,10,Telefone,Sudeste,1,1
3273,52,18982,37027,28,13,Telefone,Norte,1,1
3274,49,10818,24602,713,5,Email,Norte,1,0
3275,47,9988,4763,386,13,WhatsApp,Nordeste,1,0
3276,72,12741,43549,273,13,WhatsApp,Centro-Oeste,1,1
3277,56,11917,2402,127,11,Telefone,Sudeste,1,1
3278,66,17074,31323,202,13,WhatsApp,Sul,0,1
3279,29,16802,31040,521,10,Telefone,Nordeste,1,1
3280,58,16150,35835,287,5,WhatsApp,Centro-Oeste,1,1
3281,64,14850,10690,450,9,WhatsApp,Norte,0,0
3282,35,3596,41343,88,11,WhatsApp,Centro-Oeste,1,1
3283,38,13301,28190,318,7,Telefone,Norte,0,0
3284,30,18059,3494,19,9,Telefone,Centro-Oeste,1,1
3285,38,8669,38497,593,3,WhatsApp,Sul,1,1
3286,25,14788,2510,107,9,WhatsApp,Nordeste,0,1
3287,63,12194,7877,458,7,WhatsApp,Norte,0,0
3288,57,13691,13536,311,8,Telefone,Sul,1,1
3289,63,19551,26967,412,12,WhatsApp,Sudeste,0,1
3290,24,12237,548,624,12,Telefone,Sul,1,0
3291,40,19707,37478,635,3,Telefone,Sul,0,0
3292,61,6647,48106,498,0,WhatsApp,Sul,0,0
3293,49,19240,16538,244,2,Telefone,Norte,0,1
3294,28,7699,33076,690,0,WhatsApp,Sudeste,0,0
3295,39,2046,8378,577,6,Telefone,Nordeste,1,0
3296,39,6731,28109,380,11,WhatsApp,Sul,1,0
3297,60,9465,49722,515,0,WhatsApp,Norte,1,0
3298,42,19967,48615,207,10,Telefone,Norte,1,1
3299,39,3540,24570,394,3,WhatsApp,Nordeste,1,0
3300,45,3252,41147,21,12,Telefone,Centro-Oeste,0,0
3301,46,3349,22496,527,13,Telefone,Sudeste,0,0
3302,30,4142,18661,343,0,Telefone,Sudeste,0,0
3303,35,3100,46522,718,12,WhatsApp,Sul,1,0
3304,19,15451,40648,202,12,Telefone,Centro-Oeste,1,1
3305,46,13297,2728,120,1,Telefone,Sudeste,1,1
3306,38,18502,26865,649,10,WhatsApp,Sul,1,1
3307,32,2632,25688,389,14,Telefone,Centro-Oeste,0,0
3308,69,6991,43082,537,13,Email,Norte,1,0
3309,44,7295,9388,234,0,WhatsApp,Sul,1,1
3310,67,12031,23630,633,12,Email,Centro-Oeste,0,0
3311,48,12431,39659,602,4,WhatsApp,Nordeste,1,0
3312,32,9133,42697,320,6,WhatsApp,Sudeste,1,0
3313,68,19371,19290,712,2,WhatsApp,Sul,1,1
3314,40,6509,25324,180,13,Telefone,Norte,1,1
3315,41,3613,33905,368,7,WhatsApp,Sul,1,1
3316,61,2544,24974,76,13,Email,Sudeste,1,0
3317,30,15423,17833,649,14,Email,Sudeste,1,0
3318,39,3931,43364,650,4,Telefone,Centro-Oeste,0,0
3319,60,15426,36855,496,4,WhatsApp,Norte,0,0
3320,54,3082,34379,522,12,Email,Centro-Oeste,0,0
3321,50,15874,8867,201,4,Email,Norte,0,1
3322,73,2808,1222,346,7,WhatsApp,Sul,1,0
3323,20,10293,31645,483,1,Telefone,Sul,1,1
3324,71,3120,38134,219,1,Telefone,Centro-Oeste,1,0
3325,36,6266,10639,60,14,Telefone,Nordeste,1,1
3326,40,6692,2628,659,13,WhatsApp,Sudeste,1,1
3327,46,8122,42386,619,11,WhatsApp,Centro-Oeste,0,0
3328,47,7593,21117,550,7,WhatsApp,Centro-Oeste,1,0
3329,56,17984,28580,646,8,WhatsApp,Sul,0,0
3330,61,1737,35785,221,10,Telefone,Sudeste,1,0
3331,64,12610,18033,502,11,Email,Centro-Oeste,1,1
3332,42,7573,33124,133,9,Email,Sul,0,1
3333,54,4042,47496,53,9,Telefone,Sul,0,1
3334,64,16782,47447,450,1,Telefone,Centro-Oeste,1,1
3335,25,11695,28456,62,3,WhatsApp,Centro-Oeste,0,0
3336,59,3037,42943,23,7,Telefone,Sul,1,1
3337,33,18638,33577,44,1,WhatsApp,Centro-Oeste,1,1
3338,25,13060,4452,558,3,WhatsApp,Sudeste,1,1
3339,18,14934,47139,659,9,Telefone,Sul,1,0
3340,61,8896,42960,47,12,WhatsApp,Sul,1,1
3341,22,18424,23296,24,12,WhatsApp,Centro-Oeste,0,1
3342,20,6631,32246,657,0,Email,Centro-Oeste,1,0
3343,18,10197,21749,89,1,WhatsApp,Centro-Oeste,1,1
3344,21,19013,515,174,6,WhatsApp,Sudeste,0,1
3345,57,11771,26457,576,0,WhatsApp,Sul,0,0
3346,52,4645,16505,119,11,WhatsApp,Nordeste,0,0
3347,49,14600,21792,668,0,WhatsApp,Sudeste,1,1
3348,59,5567,32376,178,1,Telefone,Sudeste,0,0
3349,51,5695,47546,342,3,WhatsApp,Sul,1,0
3350,60,10744,15317,568,6,Email,Nordeste,0,0
3351,42,8781,25970,59,3,WhatsApp,Sul,1,1
3352,27,4009,10259,438,4,WhatsApp,Sudeste,1,0
3353,38,17002,48932,428,3,Telefone,Centro-Oeste,0,1
3354,63,8033,6912,426,3,Telefone,Sul,0,0
3355,56,18565,21004,381,8,Telefone,Sul,0,0
3356,44,16170,43464,486,14,Email,Centro-Oeste,1,1
3357,44,5432,9007,185,5,WhatsApp,Nordeste,1,1
3358,19,16095,21550,559,11,WhatsApp,Nordeste,0,0
3359,58,14541,5320,460,2,Email,Sul,1,1
3360,65,7060,8335,102,5,WhatsApp,Centro-Oeste,0,0
3361,30,5516,28131,556,12,WhatsApp,Sul,1,0
3362,26,2219,35117,15,6,WhatsApp,Centro-Oeste,0,0
3363,69,1574,14087,51,6,Telefone,Sudeste,1,0
3364,53,14661,35221,309,7,WhatsApp,Centro-Oeste,1,1
3365,39,3649,45999,34,12,WhatsApp,Sul,1,0
3366,59,15533,7340,636,3,WhatsApp,Norte,0,0
3367,43,5707,38334,589,0,Telefone,Nordeste,0,0
3368,71,16543,31940,635,5,WhatsApp,Sul,1,1
3369,29,10578,35683,205,7,WhatsApp,Centro-Oeste,1,1
3370,34,13225,31136,70,4,Telefone,Centro-Oeste,0,1
3371,31,5436,2889,230,12,Email,Nordeste,1,1
3372,31,10807,49479,480,2,Telefone,Sul,1,0
3373,74,18959,1263,533,3,Telefone,Norte,0,0
3374,51,6115,24425,108,7,WhatsApp,Sudeste,1,0
3375,70,8765,27049,241,5,WhatsApp,Norte,1,1
3376,74,11616,39523,251,12,WhatsApp,Sudeste,0,0
3377,37,17233,40441,135,14,Email,Sudeste,1,1
3378,28,15392,23957,90,12,WhatsApp,Sul,1,1
3379,33,6152,21923,591,4,Email,Sudeste,1,0
3380,68,11973,11018,440,12,Email,Centro-Oeste,0,0
3381,48,10747,43520,689,8,WhatsApp,Sudeste,1,0
3382,72,18425,32860,298,9,WhatsApp,Sudeste,0,1
3383,23,3661,45715,407,2,WhatsApp,Nordeste,1,0
3384,73,16088,48357,308,6,WhatsApp,Nordeste,0,0
3385,36,13561,28673,102,8,WhatsApp,Sul,0,0
3386,54,7541,9895,361,10,Email,Sul,1,0
3387,21,14173,45335,624,12,WhatsApp,Centro-Oeste,1,1
3388,64,3060,19707,693,10,WhatsApp,Nordeste,0,0
3389,21,13454,38555,616,11,WhatsApp,Norte,0,0
3390,37,19048,46729,528,3,Email,Sul,0,0
3391,27,16578,27139,608,9,Telefone,Sul,0,0
3392,41,6919,46670,293,9,Email,Nordeste,0,0
3393,71,4222,29424,146,2,Email,Nordeste,0,0
3394,52,12050,7933,404,0,WhatsApp,Centro-Oeste,0,0
3395,43,18354,30604,2,8,WhatsApp,Nordeste,1,1
3396,54,2968,44552,119,12,WhatsApp,Sudeste,1,0
3397,55,2308,38094,606,0,WhatsApp,Norte,0,0
3398,38,8219,4164,191,1,Telefone,Sudeste,0,0
3399,71,17863,11028,3,8,WhatsApp,Sudeste,1,1
3400,57,12091,28690,487,4,WhatsApp,Sudeste,0,0
3401,56,6573,997,623,3,Telefone,Sul,1,0
3402,38,9512,8141,177,8,Telefone,Sudeste,1,1
3403,27,19529,5143,257,8,Telefone,Sul,1,1
3404,55,15392,5556,534,1,WhatsApp,Nordeste,1,0
3405,63,9749,33399,477,2,Email,Norte,1,1
3406,21,19013,5943,398,11,Telefone,Norte,0,0
3407,74,16647,17741,496,2,WhatsApp,Sudeste,1,1
3408,62,19237,46711,220,4,Telefone,Norte,1,1
3409,37,2267,9212,173,12,Email,Sul,1,0
3410,34,5395,8721,390,2,WhatsApp,Nordeste,1,0
3411,72,11700,31846,502,9,WhatsApp,Sudeste,0,0
3412,24,8829,16160,577,5,WhatsApp,Centro-Oeste,0,0
3413,21,16832,39415,260,1,WhatsApp,Norte,0,0
3414,46,16121,12088,131,5,Email,Norte,1,1
3415,31,12834,37872,113,5,WhatsApp,Sudeste,0,1
3416,20,19674,42720,20,1,Telefone,Norte,0,1
3417,41,2385,18442,215,5,Telefone,Norte,1,0
3418,54,9234,49667,310,5,Telefone,Centro-Oeste,0,0
3419,33,5406,36873,251,5,WhatsApp,Sul,1,0
3420,72,5992,46552,488,11,WhatsApp,Sudeste,0,0
3421,69,11230,2107,382,12,WhatsApp,Sudeste,1,1
3422,21,3573,44977,409,13,WhatsApp,Centro-Oeste,0,0
3423,73,18196,2516,271,4,WhatsApp,Centro-Oeste,1,1
3424,41,7769,4074,407,6,Email,Sul,1,0
3425,51,18694,46809,692,12,WhatsApp,Nordeste,1,1
3426,47,8341,7774,194,14,Telefone,Sudeste,1,0
3427,35,12455,43203,441,11,WhatsApp,Norte,1,1
3428,36,3532,16248,313,4,Telefone,Sul,0,0
3429,48,11199,20675,79,10,Email,Sudeste,1,1
3430,36,14237,39674,180,0,WhatsApp,Sul,0,1
3431,66,12262,12326,675,11,Email,Nordeste,0,0
3432,63,8629,17972,714,8,Telefone,Sudeste,0,0
3433,36,10288,34629,14,2,Email,Norte,0,0
3434,39,3647,4973,246,1,Telefone,Sudeste,1,0
3435,41,2115,23990,14,9,WhatsApp,Sul,0,0
3436,62,2447,40587,99,5,WhatsApp,Nordeste,0,0
3437,29,7177,41935,33,7,WhatsApp,Sul,1,1
3438,47,9366,9981,436,1,Telefone,Sul,0,0
3439,55,3513,9020,257,3,Email,Centro-Oeste,1,0
3440,70,18374,26915,34,1,Telefone,Sul,1,1
3441,48,6487,18070,19,11,WhatsApp,Nordeste,0,0
3442,53,10233,20298,664,11,Email,Norte,0,0
3443,36,10979,4036,260,8,Telefone,Centro-Oeste,0,1
3444,65,11325,2273,676,9,WhatsApp,Sul,1,0
3445,62,4426,30394,589,12,WhatsApp,Sudeste,0,0
3446,53,8782,43523,416,14,WhatsApp,Centro-Oeste,1,0
3447,47,17135,35826,137,1,Email,Nordeste,1,1
3448,72,17347,5579,359,9,Email,Sudeste,1,1
3449,66,10990,26338,579,1,WhatsApp,Nordeste,0,0
3450,72,8486,22304,116,13,WhatsApp,Sudeste,0,0
3451,50,8362,47609,404,12,Telefone,Norte,1,1
3452,35,13659,20175,202,4,Email,Nordeste,1,1
3453,69,5923,26094,376,11,Telefone,Sudeste,0,0
3454,66,11950,43249,250,4,Telefone,Nordeste,1,1
3455,45,9659,36792,446,11,WhatsApp,Centro-Oeste,1,1
3456,64,3573,9498,278,6,Telefone,Nordeste,0,0
3457,28,18585,14197,112,0,WhatsApp,Nordeste,1,1
3458,74,11611,46874,473,11,Email,Sudeste,1,0
3459,71,8325,13929,688,1,WhatsApp,Nordeste,1,0
3460,62,12152,49307,392,10,Email,Norte,1,1
3461,50,13954,7640,143,10,WhatsApp,Sul,1,1
3462,34,9468,42053,32,5,Email,Centro-Oeste,1,1
3463,23,14016,15401,181,1,WhatsApp,Sudeste,1,1
3464,21,15790,23779,579,3,WhatsApp,Nordeste,1,1
3465,37,9276,29025,516,9,Telefone,Nordeste,0,0
3466,65,10058,20991,269,5,WhatsApp,Nordeste,0,0
3467,64,10219,3780,236,12,Email,Centro-Oeste,0,0
3468,44,6386,35480,277,11,Telefone,Sul,1,0
3469,32,6119,48481,553,6,Telefone,Norte,1,0
3470,23,15456,30489,633,9,Email,Norte,1,1
3471,64,11845,8578,275,4,Email,Sudeste,1,1
3472,31,8375,26618,86,7,Telefone,Sul,0,0
3473,28,11600,24485,63,5,Email,Sul,0,0
3474,56,9356,49204,404,4,WhatsApp,Centro-Oeste,0,0
3475,26,6901,17497,192,3,WhatsApp,Nordeste,0,0
3476,43,4522,14774,293,5,Telefone,Sul,1,0
3477,33,13175,1368,31,5,WhatsApp,Nordeste,1,1
3478,22,12412,26898,330,5,WhatsApp,Centro-Oeste,0,1
3479,74,7238,16542,658,0,WhatsApp,Sudeste,1,0
3480,69,16626,32320,107,5,WhatsApp,Sudeste,1,1
3481,27,3270,48675,622,0,Email,Nordeste,0,0
3482,67,13805,21746,276,4,Telefone,Nordeste,1,0
3483,20,11469,21061,651,6,Email,Sul,0,0
3484,30,13904,16754,598,0,Telefone,Centro-Oeste,1,0
3485,60,10489,35012,556,12,WhatsApp,Sudeste,0,0
3486,66,4715,35524,82,0,WhatsApp,Sul,1,0
3487,47,13480,24496,64,12,WhatsApp,Norte,1,1
3488,71,8194,29118,567,12,Email,Sul,1,0
3489,62,18636,12359,586,14,WhatsApp,Nordeste,1,1
3490,23,12161,24080,129,5,WhatsApp,Norte,0,0
3491,34,2892,5923,256,14,Email,Sul,1,1
3492,62,8289,38357,231,6,Telefone,Centro-Oeste,1,1
3493,68,15885,7108,497,5,WhatsApp,Sudeste,1,1
3494,70,18561,42985,137,4,WhatsApp,Norte,1,1
3495,36,1605,5376,455,5,Email,Centro-Oeste,1,0
3496,59,12979,21538,355,12,Email,Sul,1,1
3497,52,3446,28506,624,13,WhatsApp,Nordeste,0,0
3498,63,7044,36275,485,2,WhatsApp,Nordeste,0,0
3499,43,18979,31310,146,8,Email,Centro-Oeste,1,1
3500,68,14775,14825,33,14,Telefone,Nordeste,1,1
3501,22,8485,36392,260,4,Email,Sudeste,0,0
3502,46,3282,2253,87,1,Telefone,Centro-Oeste,1,1
3503,54,7713,30031,265,13,Email,Centro-Oeste,1,0
3504,37,15985,18496,542,13,WhatsApp,Nordeste,1,1
3505,66,17105,3775,392,11,WhatsApp,Centro-Oeste,1,1
3506,38,6369,9247,232,9,Telefone,Sul,0,0
3507,27,19445,45711,588,9,Telefone,Norte,1,1
3508,22,11367,1324,447,6,Email,Norte,0,0
3509,53,5481,14380,129,2,WhatsApp,Nordeste,1,1
3510,23,10993,44309,271,0,Email,Sudeste,1,1
3511,43,7182,1581,89,2,WhatsApp,Sudeste,1,1
3512,21,7282,12017,466,8,Telefone,Nordeste,1,0
3513,56,18827,22183,170,4,WhatsApp,Nordeste,1,1
3514,56,10637,17376,128,6,Telefone,Centro-Oeste,1,1
3515,67,18484,38032,174,2,Telefone,Sudeste,1,1
3516,52,14512,8766,26,3,WhatsApp,Norte,0,1
3517,18,3024,11683,573,0,WhatsApp,Nordeste,1,0
3518,41,18134,21566,511,2,Telefone,Norte,0,0
3519,74,1578,49980,488,6,Email,Norte,1,0
3520,53,4623,13377,579,3,WhatsApp,Sudeste,0,0
3521,23,8564,10482,406,14,WhatsApp,Norte,1,1
3522,58,14568,9468,26,1,WhatsApp,Centro-Oeste,0,1
3523,71,9917,27098,83,13,Email,Centro-Oeste,1,1
3524,63,14862,15139,364,4,WhatsApp,Sudeste,0,0
3525,61,2709,5174,367,14,WhatsApp,Centro-Oeste,0,0
3526,74,6653,4816,60,4,Telefone,Nordeste,1,1
3527,48,6398,48582,551,14,Telefone,Sudeste,0,0
3528,37,12371,10195,635,1,WhatsApp,Norte,1,0
3529,41,9110,49082,292,14,Email,Nordeste,1,1
3530,42,12577,31594,191,14,Telefone,Sudeste,1,1
3531,53,17291,22687,461,10,Telefone,Norte,0,0
3532,38,4044,41647,664,5,WhatsApp,Norte,0,0
3533,47,7022,1714,233,9,Email,Norte,0,1
3534,41,3870,24440,474,3,WhatsApp,Norte,0,0
3535,61,6210,44906,405,13,WhatsApp,Norte,0,0
3536,59,1828,26185,658,0,WhatsApp,Sudeste,1,0
3537,47,15183,43981,271,2,Telefone,Centro-Oeste,1,1
3538,39,7079,16477,134,13,Telefone,Norte,0,1
3539,45,14622,45339,171,8,Telefone,Nordeste,0,0
3540,24,8294,36404,415,9,WhatsApp,Sudeste,1,1
3541,52,1620,26038,28,6,Telefone,Sul,0,0
3542,72,8249,39886,136,12,Telefone,Centro-Oeste,1,0
3543,45,15263,38533,405,5,WhatsApp,Nordeste,0,0
3544,31,18848,8465,505,13,Email,Norte,1,1
3545,73,16950,10097,241,0,WhatsApp,Sudeste,1,1
3546,27,5175,41976,444,8,Telefone,Sudeste,1,1
3547,33,19960,28240,434,12,WhatsApp,Norte,0,1
3548,33,7143,7069,228,8,Telefone,Nordeste,0,1
3549,71,13060,38481,509,0,Email,Sudeste,1,1
3550,48,19200,12381,303,13,Email,Centro-Oeste,1,1
3551,59,19080,37496,34,12,WhatsApp,Nordeste,1,1
3552,42,16883,32677,2,12,WhatsApp,Norte,1,1
3553,30,4670,37677,362,14,WhatsApp,Nordeste,0,0
3554,23,1855,1090,195,5,Email,Nordeste,0,0
3555,61,11218,26619,606,6,Telefone,Sul,0,0
3556,26,1528,28415,308,1,WhatsApp,Norte,1,1
3557,62,16331,3208,647,9,WhatsApp,Centro-Oeste,0,0
3558,53,18897,39249,716,7,Email,Norte,0,0
3559,73,12394,45489,250,7,Telefone,Sul,1,0
3560,60,10519,22606,147,5,WhatsApp,Norte,1,1
3561,37,14138,17631,346,8,WhatsApp,Norte,1,1
3562,35,16389,47053,348,2,WhatsApp,Centro-Oeste,1,1
3563,60,3524,7053,254,1,Telefone,Sul,1,0
3564,74,7339,18381,399,1,Email,Norte,0,0
3565,38,15003,1879,334,5,Email,Norte,0,0
3566,21,11803,25755,176,6,WhatsApp,Sudeste,1,1
3567,67,18638,40628,125,5,Email,Norte,1,1
3568,50,19122,4270,398,10,WhatsApp,Centro-Oeste,1,1
3569,44,3406,20226,131,2,WhatsApp,Sudeste,0,0
3570,24,8899,47717,562,4,Email,Sul,1,0
3571,23,9461,9588,605,7,WhatsApp,Nordeste,1,0
3572,32,13531,34814,407,5,WhatsApp,Centro-Oeste,0,0
3573,35,16628,39476,334,1,Email,Sul,1,0
3574,49,17163,16850,20,14,WhatsApp,Sudeste,0,1
3575,73,2960,42143,205,6,Telefone,Nordeste,1,1
3576,28,17182,34563,603,7,Email,Sul,1,0
3577,37,16693,16361,355,3,Telefone,Centro-Oeste,1,1
3578,41,19300,14473,173,11,WhatsApp,Sudeste,1,1
3579,32,12545,18269,189,0,WhatsApp,Centro-Oeste,0,0
3580,65,9266,47749,2,1,WhatsApp,Centro-Oeste,1,1
3581,24,19312,17826,168,3,WhatsApp,Sudeste,1,1
3582,38,5878,36548,368,6,Telefone,Norte,1,0
3583,59,9029,46865,536,1,WhatsApp,Centro-Oeste,0,0
3584,43,4571,3286,580,5,WhatsApp,Sudeste,1,0
3585,61,18439,35501,370,1,Telefone,Centro-Oeste,0,0
3586,73,19447,2120,706,11,Telefone,Norte,0,0
3587,31,13192,36803,596,6,Email,Sudeste,1,0
3588,74,2540,20089,437,1,WhatsApp,Sul,1,1
3589,54,4186,3382,207,2,Email,Sul,1,1
3590,38,14166,49822,49,8,Telefone,Sul,1,1
3591,35,4053,25024,544,12,WhatsApp,Nordeste,0,0
3592,22,3279,10245,682,14,WhatsApp,Centro-Oeste,1,0
3593,20,14686,37165,129,3,WhatsApp,Centro-Oeste,0,1
3594,40,17959,16361,447,13,Telefone,Sudeste,1,1
3595,43,6557,26671,614,4,WhatsApp,Nordeste,1,1
3596,54,3762,26699,35,8,Email,Centro-Oeste,1,1
3597,41,11808,3337,199,6,Telefone,Sudeste,1,1
3598,66,18276,9099,77,7,Email,Norte,1,1
3599,36,18992,16411,369,14,WhatsApp,Centro-Oeste,1,1
3600,68,6688,21053,526,10,WhatsApp,Centro-Oeste,0,0
3601,42,10302,39989,349,2,WhatsApp,Norte,0,0
3602,38,6557,24313,506,10,WhatsApp,Norte,1,0
3603,29,5498,38755,643,10,Email,Centro-Oeste,0,0
3604,74,10364,48389,238,3,WhatsApp,Norte,1,1
3605,58,5177,30020,280,6,WhatsApp,Sudeste,0,0
3606,50,7296,30041,577,3,WhatsApp,Centro-Oeste,0,0
3607,67,15950,736,432,1,WhatsApp,Centro-Oeste,1,1
3608,70,7863,27850,138,13,Email,Sul,1,1
3609,21,9623,44897,269,9,Telefone,Centro-Oeste,1,1
3610,59,9722,12049,201,5,Telefone,Sul,0,1
3611,74,15154,27953,142,8,WhatsApp,Norte,0,1
3612,24,19284,35691,612,1,Email,Norte,1,1
3613,39,5571,13406,650,0,Telefone,Sudeste,1,0
3614,72,10308,15488,680,7,WhatsApp,Sul,1,1
3615,50,4286,28223,611,0,WhatsApp,Centro-Oeste,0,0
3616,34,2370,34300,355,0,Email,Sul,1,0
3617,41,5696,39607,578,2,Telefone,Norte,1,0
3618,51,13296,27930,329,4,Telefone,Norte,1,1
3619,45,4239,33035,559,12,WhatsApp,Sudeste,0,0
3620,60,2440,3440,231,11,WhatsApp,Norte,1,0
3621,58,1840,22293,308,8,Telefone,Sul,1,0
3622,56,5633,12762,658,10,Telefone,Centro-Oeste,1,1
3623,39,18543,44920,719,9,Telefone,Centro-Oeste,1,1
3624,66,11725,38210,146,1,Telefone,Sul,1,1
3625,34,11252,7461,152,11,WhatsApp,Sudeste,1,1
3626,51,4957,26999,140,11,Telefone,Centro-Oeste,1,1
3627,23,11348,40998,663,0,Email,Sul,1,1
3628,63,10741,31783,21,0,Email,Sul,1,1
3629,23,1953,1133,254,7,WhatsApp,Norte,1,0
3630,51,11396,7322,64,9,WhatsApp,Norte,0,0
3631,18,12476,26468,218,9,Email,Sudeste,0,0
3632,27,17372,39755,72,9,Telefone,Sudeste,1,1
3633,38,2318,48399,162,1,Telefone,Sudeste,0,0
3634,22,6368,20330,130,12,Email,Sul,1,1
3635,19,17896,6238,581,8,Telefone,Sul,1,1
3636,39,13671,3598,225,8,Telefone,Norte,1,1
3637,65,2420,30388,580,1,WhatsApp,Centro-Oeste,1,0
3638,74,11006,8597,454,2,WhatsApp,Sudeste,1,1
3639,19,7975,13636,384,1,WhatsApp,Nordeste,0,0
3640,27,3517,38744,107,5,Email,Sudeste,0,0
3641,51,9457,8753,621,14,WhatsApp,Norte,1,0
3642,33,17730,25708,103,6,WhatsApp,Sul,1,1
3643,65,10920,5387,141,11,Email,Norte,1,1
3644,68,6292,44911,577,5,Telefone,Norte,0,0
3645,56,14737,9992,134,2,Telefone,Norte,0,1
3646,39,17751,35921,199,11,WhatsApp,Nordeste,1,1
3647,29,12207,1954,510,14,Email,Nordeste,1,0
3648,41,2938,18022,667,2,WhatsApp,Sudeste,1,0
3649,64,5043,39075,79,11,WhatsApp,Sul,1,1
3650,57,12867,3692,482,1,WhatsApp,Norte,1,1
3651,55,19665,46080,512,1,WhatsApp,Centro-Oeste,0,0
3652,27,17020,16275,250,10,WhatsApp,Sudeste,0,1
3653,52,7843,10902,599,11,Telefone,Sudeste,1,0
3654,68,3763,13574,600,4,WhatsApp,Norte,1,0
3655,66,11661,15745,483,10,Telefone,Sudeste,0,0
3656,49,1711,37027,172,10,WhatsApp,Norte,0,0
3657,24,15309,26436,17,7,WhatsApp,Sudeste,1,1
3658,38,8527,27502,294,5,Telefone,Sul,0,0
3659,37,1831,16183,394,8,Email,Sudeste,1,0
3660,43,9669,12960,498,10,Email,Sudeste,1,0
3661,21,10633,30982,219,4,Email,Centro-Oeste,0,0
3662,63,16091,16947,234,9,Telefone,Sul,1,1
3663,69,17625,48728,390,3,Telefone,Sul,0,0
3664,39,2227,18229,248,8,Telefone,Sul,0,0
3665,32,12554,21045,52,11,Telefone,Sudeste,0,0
3666,73,4743,28704,15,9,WhatsApp,Nordeste,1,1
3667,57,18532,10314,324,10,Telefone,Sudeste,1,1
3668,38,6595,14390,441,13,WhatsApp,Norte,0,0
3669,32,15309,2240,112,4,WhatsApp,Centro-Oeste,1,1
3670,39,12429,30621,696,0,Telefone,Sul,0,0
3671,69,16342,11718,7,4,WhatsApp,Norte,1,1
3672,45,18893,6555,563,14,WhatsApp,Norte,1,1
3673,31,3050,23205,245,4,WhatsApp,Nordeste,1,0
3674,44,10495,35222,448,4,Email,Sul,0,0
3675,58,16666,49931,365,12,WhatsApp,Sudeste,0,0
3676,57,8992,42500,367,1,WhatsApp,Sul,1,0
3677,45,14001,6939,698,12,Email,Centro-Oeste,0,0
3678,43,17067,31421,287,5,WhatsApp,Sul,1,1
3679,66,14765,34229,604,4,WhatsApp,Norte,0,0
3680,19,6924,23711,106,1,WhatsApp,Norte,1,1
3681,42,15586,31114,13,11,WhatsApp,Sudeste,1,1
3682,73,4661,18101,146,9,WhatsApp,Sudeste,1,0
3683,20,10715,28296,478,14,WhatsApp,Sudeste,1,1
3684,25,8117,6507,631,14,WhatsApp,Centro-Oeste,1,0
3685,61,13426,21014,715,13,Email,Sul,0,1
3686,50,16592,18276,653,7,Telefone,Nordeste,1,0
3687,59,17660,2576,115,5,Telefone,Sul,0,1
3688,69,19060,25850,509,10,WhatsApp,Sudeste,1,1
3689,52,17138,39464,152,9,WhatsApp,Centro-Oeste,1,1
3690,23,3733,16792,57,11,Email,Sul,0,1
3691,56,6200,32010,382,10,WhatsApp,Norte,1,0
3692,69,12527,28500,157,2,Email,Sul,0,0
3693,40,9360,43583,133,8,WhatsApp,Norte,1,1
3694,42,9026,30883,163,12,Email,Sul,1,1
3695,67,7059,12285,275,10,WhatsApp,Sul,0,0
3696,60,8232,41410,695,10,WhatsApp,Sul,0,0
3697,36,4013,39528,77,13,Telefone,Sudeste,1,0
3698,22,9330,25355,44,3,Telefone,Norte,0,0
3699,68,16281,24781,718,2,WhatsApp,Centro-Oeste,0,0
3700,28,9410,48802,550,6,Email,Nordeste,1,0
3701,73,17347,5341,318,11,WhatsApp,Norte,1,1
3702,29,7149,32168,534,12,WhatsApp,Sudeste,0,0
3703,27,18980,27418,585,14,Telefone,Norte,0,0
3704,25,10620,46652,154,13,Telefone,Centro-Oeste,1,1
3705,41,3451,17943,237,7,Email,Norte,0,0
3706,45,11665,32750,517,6,WhatsApp,Sudeste,1,0
3707,58,15852,2422,221,0,WhatsApp,Sudeste,1,1
3708,53,11246,32476,310,0,Telefone,Nordeste,0,0
3709,54,12470,12491,598,12,WhatsApp,Centro-Oeste,1,1
3710,38,10686,39369,177,4,WhatsApp,Nordeste,1,1
3711,25,10304,23233,220,14,WhatsApp,Sul,1,0
3712,72,2095,2973,38,13,WhatsApp,Sudeste,1,1
3713,26,9375,8608,654,7,WhatsApp,Nordeste,1,0
3714,64,7472,29215,431,13,WhatsApp,Sudeste,1,1
3715,32,17382,48718,203,9,Telefone,Sudeste,0,0
3716,65,2358,43311,448,10,Telefone,Sul,0,0
3717,63,7019,32710,495,2,WhatsApp,Sudeste,0,0
3718,57,11480,49478,684,7,WhatsApp,Nordeste,1,0
3719,35,5817,37817,125,2,WhatsApp,Centro-Oeste,1,1
3720,59,13644,33862,65,3,WhatsApp,Norte,0,0
3721,37,14379,5389,244,9,Telefone,Nordeste,1,1
3722,23,2530,24521,527,6,Email,Sul,0,0
3723,29,10987,8712,226,2,Telefone,Norte,1,1
3724,19,14805,32471,465,3,Telefone,Sudeste,0,0
3725,24,11755,3701,643,7,WhatsApp,Nordeste,1,0
3726,33,2947,41122,707,3,WhatsApp,Norte,0,0
3727,20,11737,40031,293,8,Email,Nordeste,0,1
3728,62,4350,43921,381,3,Email,Sudeste,0,0
3729,20,13453,24846,625,12,WhatsApp,Nordeste,1,0
3730,44,9606,38458,166,13,WhatsApp,Sul,1,1
3731,67,11500,14215,703,3,Telefone,Norte,0,0
3732,60,11003,6181,218,12,WhatsApp,Norte,0,1
3733,57,16993,36946,275,4,Telefone,Norte,1,1
3734,55,5555,47370,52,0,Email,Nordeste,1,0
3735,50,6902,17220,374,6,WhatsApp,Sudeste,1,1
3736,45,10781,2167,670,8,Email,Nordeste,1,1
3737,18,3172,28652,363,11,Email,Nordeste,0,0
3738,72,6032,8704,567,8,Email,Norte,1,1
3739,25,6424,38390,14,0,WhatsApp,Sudeste,1,1
3740,54,16769,25037,340,14,WhatsApp,Centro-Oeste,0,0
3741,49,14046,11717,602,5,Telefone,Sudeste,1,1
3742,65,7585,48851,539,2,WhatsApp,Nordeste,0,0
3743,60,13890,34241,89,3,WhatsApp,Sul,0,1
3744,54,14780,21154,41,7,WhatsApp,Sudeste,0,0
3745,21,6364,1908,304,14,Telefone,Norte,0,0
3746,47,10816,43403,268,3,WhatsApp,Sul,0,1
3747,23,2721,19172,138,7,WhatsApp,Centro-Oeste,1,0
3748,63,4360,42006,6,3,WhatsApp,Centro-Oeste,1,1
3749,71,12202,47617,242,8,Telefone,Sul,1,0
3750,36,9928,1718,162,5,Telefone,Centro-Oeste,0,0
3751,49,16885,36645,692,0,WhatsApp,Sul,0,0
3752,26,10836,44232,518,12,Email,Nordeste,1,1
3753,29,4753,30605,401,9,WhatsApp,Sul,1,0
3754,28,5282,4598,156,1,Telefone,Nordeste,1,0
3755,63,18650,8119,85,6,Telefone,Norte,1,1
3756,72,17843,12439,712,9,Telefone,Norte,1,0
3757,33,11451,18726,10,6,WhatsApp,Centro-Oeste,0,0
3758,18,17769,25822,138,2,Email,Sul,1,1
3759,62,16067,17378,713,0,Email,Nordeste,0,0
3760,72,13183,7060,156,7,Telefone,Norte,0,0
3761,70,5013,38778,408,12,WhatsApp,Norte,1,0
3762,38,18379,36712,225,12,WhatsApp,Norte,1,1
3763,47,14835,29799,580,9,Telefone,Centro-Oeste,1,1
3764,30,12872,8043,184,13,WhatsApp,Norte,0,1
3765,51,7322,24446,195,10,Telefone,Sudeste,1,1
3766,21,16337,32240,554,14,WhatsApp,Centro-Oeste,1,1
3767,45,13622,45697,396,10,Telefone,Sul,0,0
3768,55,3572,7753,663,9,WhatsApp,Sudeste,1,0
3769,48,10029,14275,596,14,WhatsApp,Centro-Oeste,1,1
3770,72,7459,33313,134,6,WhatsApp,Centro-Oeste,1,1
3771,44,10607,28132,309,9,WhatsApp,Nordeste,1,1
3772,22,7493,48865,542,7,Telefone,Sudeste,1,1
3773,42,6521,2557,9,0,Telefone,Sudeste,1,1
3774,20,15046,33931,170,13,Telefone,Sudeste,1,1
3775,50,11674,37936,290,2,Telefone,Norte,1,1
3776,21,17638,18913,168,12,Telefone,Norte,1,1
3777,42,13259,30725,344,1,WhatsApp,Sul,0,0
3778,37,10690,38985,497,0,WhatsApp,Sul,1,1
3779,51,14386,3196,145,4,WhatsApp,Sul,0,1
3780,43,18279,46468,413,2,Telefone,Norte,1,1
3781,22,18822,16601,588,9,WhatsApp,Nordeste,1,1
3782,52,11328,9331,689,14,WhatsApp,Sul,1,0
3783,45,4010,19547,457,7,Telefone,Centro-Oeste,1,1
3784,46,19533,5504,701,5,Email,Norte,1,1
3785,26,4935,23205,302,9,Telefone,Nordeste,1,1
3786,69,4701,46424,46,13,Telefone,Centro-Oeste,1,1
3787,55,16653,22009,17,8,Telefone,Centro-Oeste,0,1
3788,67,1558,37670,578,8,WhatsApp,Norte,0,0
3789,23,12622,44055,360,10,Telefone,Sudeste,1,0
3790,36,4471,15162,261,5,Email,Nordeste,1,0
3791,61,11219,39180,123,1,WhatsApp,Norte,0,0
3792,74,15517,894,231,8,WhatsApp,Sudeste,0,0
3793,28,9814,47903,637,1,WhatsApp,Norte,0,0
3794,19,11128,36865,112,2,WhatsApp,Norte,0,0
3795,64,10854,11024,593,5,Email,Centro-Oeste,0,0
3796,61,12992,33597,246,1,WhatsApp,Norte,0,0
3797,61,4845,27173,391,4,WhatsApp,Sudeste,0,0
3798,26,16857,17656,392,1,Email,Centro-Oeste,1,1
3799,38,2061,2145,328,11,Telefone,Sudeste,0,0
3800,41,7761,29549,215,3,Telefone,Sudeste,1,1
3801,51,3237,10315,367,14,Email,Centro-Oeste,1,0
3802,39,10596,2348,82,10,WhatsApp,Sudeste,0,1
3803,20,14182,34829,76,10,Telefone,Sul,0,0
3804,29,13223,34041,527,2,WhatsApp,Norte,1,0
3805,45,13598,7811,503,4,WhatsApp,Centro-Oeste,0,1
3806,47,10626,22063,479,5,WhatsApp,Centro-Oeste,1,0
3807,43,14889,15703,372,12,WhatsApp,Sul,1,1
3808,65,9766,9790,265,6,Email,Sul,1,1
3809,38,1794,35318,264,9,Email,Sul,1,0
3810,45,12934,17631,110,7,Email,Sul,1,1
3811,73,6830,30643,307,8,WhatsApp,Nordeste,1,1
3812,43,6155,25009,200,13,Email,Centro-Oeste,1,0
3813,50,18993,22744,226,3,Telefone,Sudeste,1,1
3814,38,14960,37241,185,3,WhatsApp,Centro-Oeste,1,1
3815,52,5271,27398,31,6,Telefone,Centro-Oeste,0,0
3816,69,10063,34883,614,11,WhatsApp,Centro-Oeste,0,0
3817,51,19058,47818,99,14,WhatsApp,Sul,0,1
3818,58,2664,20638,339,9,Email,Sul,1,1
3819,68,10975,43762,266,9,Telefone,Nordeste,0,0
3820,64,13888,6006,652,10,WhatsApp,Centro-Oeste,0,0
3821,35,15469,21105,350,8,Telefone,Norte,1,1
3822,28,9934,13554,544,10,Email,Nordeste,0,0
3823,74,8762,28731,457,1,Telefone,Sul,1,0
3824,40,3041,14361,88,12,WhatsApp,Centro-Oeste,1,0
3825,65,4265,12087,63,10,WhatsApp,Sul,1,1
3826,39,11806,14015,387,5,WhatsApp,Sudeste,1,1
3827,34,5991,22175,459,9,Email,Sul,1,0
3828,22,4583,39122,586,9,WhatsApp,Sul,1,0
3829,61,3357,17100,636,7,WhatsApp,Nordeste,0,0
3830,28,2269,28392,269,12,WhatsApp,Sudeste,1,0
3831,47,19306,18243,633,4,Email,Norte,0,0
3832,32,4472,4274,346,4,Telefone,Norte,1,0
3833,44,19756,22301,660,7,Telefone,Norte,1,1
3834,52,7099,38195,78,0,WhatsApp,Centro-Oeste,0,0
3835,50,6775,29353,365,5,WhatsApp,Norte,1,0
3836,37,8071,4929,14,9,Email,Centro-Oeste,1,0
3837,33,6572,5106,136,12,Email,Sul,0,0
3838,51,11131,4978,304,8,Email,Norte,0,0
3839,19,12745,49344,397,11,Email,Nordeste,1,1
3840,52,16206,18780,79,5,Email,Sudeste,1,1
3841,57,6963,40634,705,14,Telefone,Sudeste,1,0
3842,73,8950,4927,418,6,Email,Sul,1,1
3843,45,12595,46744,242,3,Telefone,Sudeste,1,1
3844,64,2813,5861,51,11,WhatsApp,Sudeste,1,1
3845,56,9347,25975,384,9,WhatsApp,Sul,0,0
3846,23,18954,1141,375,0,Email,Sul,1,1
3847,26,10666,22230,206,8,WhatsApp,Sul,1,1
3848,37,11430,21613,489,11,Email,Nordeste,1,1
3849,18,4785,20511,381,5,WhatsApp,Sul,1,0
3850,25,4595,43353,311,2,WhatsApp,Sul,0,0
3851,72,18204,20159,375,3,WhatsApp,Sul,1,1
3852,40,2055,37318,632,9,WhatsApp,Norte,0,0
3853,20,6932,37821,592,11,WhatsApp,Norte,0,0
3854,21,2886,21809,42,5,WhatsApp,Nordeste,1,1
3855,42,12739,19188,533,5,Email,Nordeste,0,0
3856,64,12119,28676,522,11,WhatsApp,Sudeste,0,0
3857,55,8354,3843,153,8,WhatsApp,Norte,1,1
3858,32,11696,2556,312,3,WhatsApp,Nordeste,1,1
3859,38,17533,19692,294,4,Telefone,Nordeste,1,1
3860,52,9137,23976,598,4,Telefone,Sudeste,1,0
3861,74,14462,9916,113,2,Telefone,Sul,1,1
3862,70,16440,40494,701,1,WhatsApp,Centro-Oeste,1,0
3863,70,12118,1386,112,7,WhatsApp,Sudeste,1,1
3864,63,5293,9084,175,9,Telefone,Centro-Oeste,0,0
3865,69,8873,28266,302,14,Email,Sudeste,1,0
3866,31,4013,19330,516,8,WhatsApp,Sudeste,0,0
3867,53,3827,20789,221,9,WhatsApp,Sul,1,0
3868,29,10309,12030,171,10,WhatsApp,Nordeste,1,1
3869,34,7952,4091,318,12,WhatsApp,Norte,1,1
3870,56,9142,28842,213,8,Telefone,Sudeste,1,1
3871,26,15935,21895,253,13,Telefone,Sul,1,1
3872,52,2492,17238,124,4,WhatsApp,Centro-Oeste,1,0
3873,30,6924,3131,640,10,WhatsApp,Nordeste,0,0
3874,32,5881,18405,213,8,Email,Sudeste,1,1
3875,35,6282,19556,624,3,Email,Centro-Oeste,0,0
3876,68,8960,44638,85,1,Email,Sudeste,1,1
3877,50,4483,24046,516,2,WhatsApp,Norte,0,0
3878,23,15682,35947,65,0,Telefone,Norte,0,1
3879,44,4023,37690,318,4,WhatsApp,Nordeste,0,0
3880,40,11177,26514,346,0,WhatsApp,Centro-Oeste,1,0
3881,44,11792,7963,632,11,WhatsApp,Norte,1,1
3882,51,16589,42881,243,10,Telefone,Sul,0,1
3883,73,6081,2280,137,0,WhatsApp,Nordeste,1,1
3884,63,13407,26607,247,13,Email,Sudeste,1,1
3885,55,7109,32087,441,10,WhatsApp,Centro-Oeste,1,0
3886,31,19885,42692,45,10,WhatsApp,Centro-Oeste,1,1
3887,53,19271,39839,658,12,WhatsApp,Sul,1,1
3888,70,12875,25468,688,6,WhatsApp,Norte,0,0
3889,25,18914,34093,554,1,WhatsApp,Centro-Oeste,0,1
3890,52,11457,44423,89,14,WhatsApp,Sul,1,1
3891,36,14455,24160,228,7,WhatsApp,Sul,0,0
3892,47,2720,2895,291,5,WhatsApp,Sudeste,1,0
3893,31,14663,37413,422,3,Telefone,Sul,0,1
3894,37,14789,32348,67,8,WhatsApp,Nordeste,0,0
3895,66,14037,16279,251,14,Telefone,Centro-Oeste,0,0
3896,42,11310,5992,41,9,Telefone,Nordeste,1,1
3897,57,10955,30222,99,7,WhatsApp,Sul,1,1
3898,41,10563,7611,306,12,Email,Sul,0,0
3899,31,2334,46355,456,9,Telefone,Nordeste,1,0
3900,43,3224,10484,591,2,WhatsApp,Sudeste,1,0
3901,55,3913,32516,301,2,Email,Sul,1,0
3902,40,11005,28140,199,3,Email,Nordeste,0,1
3903,39,5998,7292,659,13,Email,Nordeste,0,0
3904,65,3605,27424,488,8,Telefone,Centro-Oeste,1,0
3905,74,4068,33077,106,8,WhatsApp,Sudeste,1,1
3906,36,10830,8211,401,4,WhatsApp,Norte,1,1
3907,63,18093,20512,705,11,Telefone,Nordeste,1,1
3908,68,6411,34833,477,8,Email,Centro-Oeste,0,0
3909,20,18117,36935,122,5,Telefone,Norte,1,1
3910,59,2292,39727,77,7,Email,Centro-Oeste,1,1
3911,36,15695,4596,312,10,WhatsApp,Centro-Oeste,0,1
3912,26,15401,1519,112,7,WhatsApp,Sudeste,1,1
3913,45,17262,24812,682,11,Email,Sul,1,0
3914,37,10026,9976,518,9,Telefone,Sudeste,1,1
3915,62,17398,8754,197,14,Email,Norte,0,1
3916,24,2714,32919,98,6,Telefone,Sudeste,0,0
3917,31,16846,12084,459,3,WhatsApp,Sul,1,1
3918,26,1712,6465,230,3,Telefone,Sudeste,1,0
3919,72,3158,11964,168,5,Email,Sudeste,0,1
3920,74,13770,12939,8,13,Telefone,Sudeste,0,1
3921,36,15529,37989,172,8,WhatsApp,Nordeste,1,1
3922,64,6524,41676,360,6,WhatsApp,Nordeste,1,0
3923,69,14539,33463,195,4,Telefone,Sudeste,0,0
3924,31,6641,28940,269,4,WhatsApp,Sul,1,1
3925,73,19678,3773,19,7,Telefone,Sul,0,1
3926,55,7488,15830,354,5,WhatsApp,Sul,1,1
3927,70,15277,21994,49,0,WhatsApp,Sul,1,1
3928,53,7078,11386,464,0,Email,Centro-Oeste,0,0
3929,57,16551,3712,356,8,WhatsApp,Sudeste,1,1
3930,34,5345,36023,158,7,Email,Sudeste,0,0
3931,47,13382,18405,66,5,WhatsApp,Centro-Oeste,0,0
3932,26,15747,22558,571,12,Email,Sul,1,1
3933,50,12984,1580,308,0,WhatsApp,Norte,1,1
3934,73,1878,33175,337,13,WhatsApp,Norte,1,0
3935,69,4793,22507,671,1,Email,Centro-Oeste,0,0
3936,42,13130,48769,121,9,Telefone,Norte,1,0
3937,31,15160,17605,404,2,WhatsApp,Nordeste,0,0
3938,28,18108,30779,647,9,Email,Sudeste,0,0
3939,70,2237,47315,568,11,Telefone,Norte,1,0
3940,52,18119,18446,96,2,Email,Nordeste,1,1
3941,58,13970,1139,114,1,Telefone,Sudeste,1,1
3942,31,18595,13002,429,11,WhatsApp,Nordeste,1,1
3943,47,17617,38458,540,1,WhatsApp,Sudeste,0,1
3944,58,16279,28863,2,5,WhatsApp,Sudeste,1,1
3945,21,19772,4236,212,6,Telefone,Norte,0,1
3946,21,19143,16973,580,3,WhatsApp,Centro-Oeste,0,0
3947,45,8771,34519,640,0,WhatsApp,Norte,1,0
3948,25,18632,42562,333,5,WhatsApp,Sul,1,1
3949,19,13678,21587,24,6,WhatsApp,Nordeste,1,1
3950,58,15990,28989,368,3,Email,Sul,1,1
3951,63,15363,37320,506,5,Telefone,Sudeste,1,0
3952,39,3323,19825,176,8,Telefone,Norte,1,0
3953,58,8352,771,429,3,Email,Sul,1,1
3954,73,14572,18914,442,11,Telefone,Sul,0,0
3955,72,12633,24720,548,14,Email,Sul,0,0
3956,33,16611,44966,514,13,WhatsApp,Sudeste,0,0
3957,46,8019,49157,361,9,WhatsApp,Sudeste,1,0
3958,66,3277,42925,274,3,WhatsApp,Sudeste,1,0
3959,65,19106,9887,177,9,WhatsApp,Sul,1,1
3960,47,16272,49644,264,11,Email,Nordeste,0,0
3961,29,15121,11779,186,4,Telefone,Norte,0,0
3962,52,13359,28084,527,2,WhatsApp,Norte,1,1
3963,28,19661,45283,279,9,Telefone,Sudeste,0,1
3964,63,10996,40309,706,1,Telefone,Sul,1,0
3965,67,8990,41976,198,14,WhatsApp,Nordeste,0,1
3966,38,10393,11357,349,8,Telefone,Centro-Oeste,1,1
3967,38,4489,42761,421,12,Email,Sudeste,1,0
3968,22,9843,8552,305,0,Email,Centro-Oeste,1,1
3969,65,19209,17495,64,4,Telefone,Norte,1,1
3970,37,13414,14080,290,4,WhatsApp,Norte,1,0
3971,54,10498,18740,18,7,WhatsApp,Nordeste,1,1
3972,20,4222,18410,64,5,WhatsApp,Nordeste,1,0
3973,61,6156,10716,330,5,Telefone,Centro-Oeste,1,1
3974,50,19209,39497,17,5,WhatsApp,Norte,0,1
3975,70,5633,46611,443,3,WhatsApp,Nordeste,1,1
3976,26,2742,25411,141,14,Email,Nordeste,1,0
3977,26,10039,35366,308,0,Email,Norte,1,0
3978,21,3331,15938,444,2,Telefone,Norte,0,0
3979,52,19453,8365,496,12,WhatsApp,Sul,0,0
3980,34,8746,17057,426,12,WhatsApp,Nordeste,1,1
3981,51,19802,12711,475,14,WhatsApp,Centro-Oeste,1,1
3982,41,4732,33768,245,9,Telefone,Sudeste,1,1
3983,49,5258,4146,450,11,WhatsApp,Sudeste,0,0
3984,18,7497,43316,351,10,Email,Norte,0,0
3985,25,12472,24424,599,5,Email,Centro-Oeste,0,0
3986,62,16868,44612,711,4,WhatsApp,Sul,1,0
3987,40,3324,10410,161,9,WhatsApp,Nordeste,0,0
3988,64,12183,2278,140,0,Telefone,Sul,1,1
3989,57,5560,46252,493,4,Email,Centro-Oeste,0,0
3990,29,1904,19941,588,1,Email,Sul,1,1
3991,71,19605,5690,531,0,WhatsApp,Norte,1,1
3992,29,12517,15804,393,3,WhatsApp,Sudeste,1,1
3993,63,5345,40265,401,5,Telefone,Norte,1,0
3994,64,12884,27789,50,6,Telefone,Nordeste,1,1
3995,32,17948,45288,295,8,WhatsApp,Norte,1,1
3996,58,10991,5247,425,4,Telefone,Centro-Oeste,1,1
3997,36,14612,9786,12,7,Telefone,Centro-Oeste,0,1
3998,43,13285,545,335,7,WhatsApp,Nordeste,0,1
3999,69,2468,30242,15,10,Email,Nordeste,1,1
4000,46,1868,8258,28,8,WhatsApp,Sudeste,1,1
4001,39,9924,23937,388,2,Telefone,Sul,1,1
4002,57,3742,20085,292,2,Telefone,Sudeste,1,0
4003,38,4583,33723,250,8,WhatsApp,Norte,0,0
4004,68,14822,10354,505,6,Telefone,Sul,1,0
4005,55,2969,17849,98,14,Telefone,Nordeste,1,1
4006,37,6225,31192,337,3,Email,Centro-Oeste,1,1
4007,74,5759,21848,39,14,WhatsApp,Norte,1,0
4008,46,5122,34796,38,0,Telefone,Sudeste,1,1
4009,68,11792,36244,300,6,Telefone,Nordeste,0,0
4010,21,18707,19955,179,9,Telefone,Sul,1,1
4011,72,4931,13788,609,5,Email,Sul,1,0
4012,24,5651,6887,469,2,WhatsApp,Centro-Oeste,1,0
4013,45,5713,35789,282,13,WhatsApp,Nordeste,1,0
4014,45,16735,39793,164,4,Telefone,Nordeste,1,1
4015,21,10489,34394,453,2,WhatsApp,Norte,1,0
4016,39,2279,23516,97,7,Email,Norte,1,0
4017,29,16851,46616,309,4,Telefone,Sul,1,0
4018,62,12542,40984,262,9,WhatsApp,Sudeste,0,0
4019,20,7034,30715,293,9,Email,Sul,1,0
4020,39,4806,16602,249,5,WhatsApp,Norte,1,0
4021,61,4402,3904,245,1,Telefone,Norte,0,0
4022,19,14891,37760,251,7,WhatsApp,Norte,1,1
4023,41,5218,35611,123,8,WhatsApp,Sul,0,0
4024,51,1521,606,325,2,WhatsApp,Nordeste,0,0
4025,44,3000,15695,681,12,Telefone,Sudeste,1,0
4026,72,10534,46509,501,14,WhatsApp,Sudeste,0,0
4027,58,17299,27653,687,5,WhatsApp,Norte,1,0
4028,18,5141,30105,716,5,WhatsApp,Centro-Oeste,1,0
4029,25,1691,45843,66,1,WhatsApp,Sul,0,0
4030,40,14806,38069,59,9,Email,Nordeste,1,1
4031,55,14914,6080,498,7,WhatsApp,Norte,0,1
4032,23,10087,49866,373,4,Email,Centro-Oeste,1,1
4033,39,6162,5900,266,10,Telefone,Norte,1,1
4034,42,5826,40143,653,10,Telefone,Centro-Oeste,1,0
4035,35,10565,31149,236,7,WhatsApp,Sudeste,1,1
4036,34,11971,30996,218,13,Email,Centro-Oeste,1,1
4037,29,14141,21137,527,12,WhatsApp,Sudeste,1,1
4038,23,10696,41924,441,13,Telefone,Sudeste,0,0
4039,43,14226,39515,650,7,Email,Sul,1,1
4040,44,17151,6677,406,14,Email,Centro-Oeste,1,0
4041,25,10036,7769,601,11,Telefone,Nordeste,1,0
4042,36,14444,15474,589,2,Email,Nordeste,1,1
4043,59,7773,14537,648,4,Telefone,Centro-Oeste,1,1
4044,18,7784,19256,469,6,WhatsApp,Sul,1,0
4045,74,10317,16667,110,4,WhatsApp,Nordeste,0,0
4046,46,19562,23718,353,5,WhatsApp,Norte,0,1
4047,62,9914,25667,91,1,WhatsApp,Nordeste,0,0
4048,66,18627,43648,414,7,Telefone,Sul,0,0
4049,52,18346,7117,702,4,Telefone,Sudeste,0,0
4050,57,19452,22034,73,5,WhatsApp,Sudeste,0,1
4051,31,13039,25959,685,0,Email,Sudeste,0,0
4052,52,15493,21042,547,9,WhatsApp,Sul,1,0
4053,65,14951,803,298,1,Email,Sudeste,0,0
4054,62,16192,30256,645,10,Email,Sudeste,0,0
4055,37,19620,13183,283,3,Email,Sul,1,1
4056,73,14834,49985,505,10,Email,Norte,1,0
4057,66,9403,33195,198,8,WhatsApp,Nordeste,0,0
4058,30,17129,11525,32,5,Telefone,Sul,0,1
4059,55,19240,21390,648,7,WhatsApp,Sul,0,1
4060,66,2514,19215,341,1,WhatsApp,Centro-Oeste,0,0
4061,63,12360,5061,658,9,Telefone,Sudeste,0,0
4062,66,18938,33347,334,14,WhatsApp,Norte,1,1
4063,25,3264,37031,143,4,Email,Centro-Oeste,1,1
4064,60,7509,27907,410,11,Email,Norte,1,0
4065,37,11104,22080,44,11,WhatsApp,Sudeste,1,1
4066,50,17512,10669,32,12,Telefone,Sudeste,0,1
4067,43,2167,17616,28,0,WhatsApp,Sudeste,1,1
4068,56,4870,37244,423,3,Email,Nordeste,1,1
4069,38,7476,22543,491,9,Telefone,Norte,1,0
4070,70,19278,2624,160,0,WhatsApp,Norte,1,1
4071,66,10113,39920,207,10,WhatsApp,Centro-Oeste,0,1
4072,59,7099,38551,18,10,WhatsApp,Sul,1,1
4073,60,5150,7676,103,8,Email,Sudeste,1,1
4074,71,13849,26274,582,1,WhatsApp,Sudeste,0,0
4075,58,11394,19176,631,6,WhatsApp,Centro-Oeste,0,0
4076,26,4690,45677,651,2,Email,Norte,0,0
4077,41,16845,25260,672,13,Email,Nordeste,1,1
4078,54,10289,45587,232,1,Email,Norte,0,0
4079,66,1891,1497,660,12,Telefone,Nordeste,0,0
4080,58,18959,44269,424,3,Telefone,Nordeste,1,1
4081,34,4150,37932,547,6,Telefone,Norte,0,0
4082,41,15100,13617,239,6,WhatsApp,Sudeste,0,0
4083,38,15817,11731,334,8,Telefone,Nordeste,1,1
4084,68,18693,30251,149,11,WhatsApp,Centro-Oeste,1,1
4085,56,17063,7940,623,12,WhatsApp,Centro-Oeste,0,1
4086,72,8395,20411,408,2,Email,Nordeste,0,0
4087,58,19043,44486,17,6,WhatsApp,Sudeste,1,0
4088,56,3031,16108,226,5,Email,Nordeste,1,1
4089,30,6981,30165,652,9,WhatsApp,Centro-Oeste,1,0
4090,28,12374,27657,656,6,WhatsApp,Centro-Oeste,0,0
4091,63,7663,29279,260,6,Telefone,Norte,1,0
4092,36,6764,30468,674,9,Telefone,Sudeste,1,0
4093,28,19115,27887,604,4,Telefone,Norte,1,1
4094,30,17390,4590,174,8,Email,Sul,1,1
4095,63,13267,25445,205,6,WhatsApp,Nordeste,1,1
4096,62,9571,40739,415,6,Email,Norte,0,0
4097,18,17040,4243,508,11,WhatsApp,Sudeste,0,1
4098,57,4408,31424,153,13,Email,Nordeste,1,1
4099,61,6212,10696,103,2,WhatsApp,Nordeste,0,0
4100,36,13690,26779,714,0,Email,Nordeste,1,0
4101,29,11650,40276,65,13,Telefone,Nordeste,0,1
4102,25,5991,3824,117,13,WhatsApp,Nordeste,1,1
4103,25,15419,41900,665,4,Email,Sudeste,0,0
4104,70,15668,20141,156,7,WhatsApp,Sul,1,1
4105,62,10093,27982,676,4,WhatsApp,Centro-Oeste,1,0
4106,29,18858,33494,82,9,Email,Sul,0,1
4107,65,18107,15363,518,2,WhatsApp,Centro-Oeste,0,1
4108,50,6113,49295,67,8,WhatsApp,Norte,1,1
4109,62,12926,37986,238,1,Telefone,Nordeste,0,0
4110,43,18109,38940,584,14,Email,Norte,0,0
4111,56,9683,24611,607,2,WhatsApp,Norte,0,0
4112,45,19225,48530,326,11,Telefone,Centro-Oeste,1,1
4113,22,9901,3699,590,3,Telefone,Sudeste,0,0
4114,25,5227,38538,67,9,Email,Nordeste,1,1
4115,42,15203,46018,176,0,Email,Norte,1,1
4116,44,11718,8397,684,10,Telefone,Sul,1,1
4117,63,1893,41932,478,3,Telefone,Nordeste,0,0
4118,40,17492,15392,255,3,WhatsApp,Sudeste,1,1
4119,47,10535,8771,63,8,WhatsApp,Nordeste,1,1
4120,62,11216,38426,403,7,Telefone,Norte,1,1
4121,64,10295,25315,192,1,Email,Sul,1,1
4122,40,2081,46112,329,12,Telefone,Norte,0,0
4123,66,15830,33857,71,6,WhatsApp,Sudeste,1,1
4124,64,11631,10052,63,5,WhatsApp,Centro-Oeste,1,1
4125,37,1632,16767,297,6,Telefone,Sul,1,1
4126,35,16484,18768,245,10,Telefone,Sudeste,0,1
4127,35,4885,49427,519,3,Telefone,Sudeste,1,0
4128,19,5270,14763,393,13,Telefone,Norte,0,0
4129,21,3768,5899,601,13,WhatsApp,Norte,0,0
4130,47,2475,30311,177,4,Email,Norte,1,0
4131,50,9105,29506,204,5,Telefone,Centro-Oeste,1,0
4132,53,8713,41771,646,8,WhatsApp,Nordeste,1,0
4133,35,12955,1576,594,1,WhatsApp,Nordeste,1,1
4134,54,4335,7735,533,10,Email,Norte,0,0
4135,36,4238,23721,128,8,Email,Norte,1,0
4136,64,11049,16917,195,9,WhatsApp,Centro-Oeste,0,1
4137,45,5634,33039,194,0,WhatsApp,Nordeste,1,1
4138,57,8333,35109,184,3,WhatsApp,Centro-Oeste,0,1
4139,37,9853,37749,247,11,WhatsApp,Sudeste,0,0
4140,66,17190,34402,324,4,Telefone,Nordeste,1,1
4141,50,3409,24145,160,8,Telefone,Norte,0,1
4142,29,15996,22182,706,14,Telefone,Sul,1,1
4143,68,13562,46407,622,5,Telefone,Sudeste,0,0
4144,32,11350,23901,66,3,WhatsApp,Sul,0,1
4145,58,3463,8271,254,1,WhatsApp,Centro-Oeste,1,0
4146,56,6653,41835,283,4,WhatsApp,Centro-Oeste,1,1
4147,19,11981,9415,60,7,WhatsApp,Centro-Oeste,1,1
4148,46,2466,14398,118,7,WhatsApp,Norte,1,0
4149,58,2389,2413,423,5,Telefone,Centro-Oeste,1,1
4150,27,7961,37565,556,10,Email,Sul,1,0
4151,19,7666,27568,36,0,Telefone,Sudeste,1,1
4152,68,17506,2442,531,14,Email,Norte,1,1
4153,28,12881,20888,91,7,Telefone,Sudeste,1,1
4154,30,17844,18215,301,3,Telefone,Centro-Oeste,1,1
4155,27,12440,837,217,14,WhatsApp,Nordeste,1,1
4156,31,12758,47524,98,13,Email,Norte,0,1
4157,35,8780,23950,456,1,WhatsApp,Centro-Oeste,0,0
4158,68,2567,10557,531,0,WhatsApp,Norte,0,0
4159,71,12615,28213,538,6,WhatsApp,Nordeste,0,0
4160,26,10518,9483,28,1,Email,Sul,0,1
4161,74,17253,20495,576,12,Email,Sul,1,1
4162,56,15678,49551,324,3,Telefone,Sul,0,0
4163,45,16687,36968,223,3,Telefone,Nordeste,1,1
4164,20,6107,26592,80,12,Telefone,Sudeste,1,0
4165,37,5485,12645,563,9,Email,Nordeste,0,0
4166,23,11784,39386,458,14,Telefone,Nordeste,0,0
4167,44,16054,23989,614,0,Email,Centro-Oeste,0,0
4168,70,6038,31536,176,1,WhatsApp,Sul,1,0
4169,19,7871,30113,522,0,WhatsApp,Norte,1,1
4170,46,3226,28984,457,5,Email,Sudeste,1,1
4171,55,7291,3173,423,12,WhatsApp,Norte,0,0
4172,20,9958,35390,100,2,Email,Centro-Oeste,1,1
4173,33,18721,12477,403,0,Telefone,Centro-Oeste,1,1
4174,47,17238,23966,576,11,Email,Sudeste,0,0
4175,57,18570,41518,380,7,WhatsApp,Norte,1,1
4176,19,18240,27509,531,13,Telefone,Sudeste,1,1
4177,34,10563,4188,332,11,WhatsApp,Sudeste,0,0
4178,58,11665,4248,318,13,Telefone,Sul,1,0
4179,29,16039,39610,653,3,Telefone,Norte,0,0
4180,52,17072,49543,537,9,Email,Sul,0,0
4181,60,6147,14165,89,6,Telefone,Sul,0,0
4182,18,11502,37398,604,9,WhatsApp,Sul,0,0
4183,72,12333,21141,511,1,Email,Nordeste,0,1
4184,62,11920,33000,42,14,WhatsApp,Centro-Oeste,1,1
4185,32,8142,36297,389,5,WhatsApp,Centro-Oeste,1,0
4186,43,12042,19730,81,5,WhatsApp,Nordeste,1,1
4187,54,5857,46450,402,6,Email,Sudeste,1,1
4188,38,17099,25546,107,11,WhatsApp,Norte,1,1
4189,66,14701,37303,111,0,WhatsApp,Norte,0,0
4190,48,4239,48395,277,13,Email,Norte,0,0
4191,42,14731,36167,214,11,Email,Sul,1,1
4192,40,11010,10138,506,0,WhatsApp,Norte,1,0
4193,41,11227,21327,121,14,Telefone,Norte,0,0
4194,74,12135,21673,134,1,Email,Norte,1,1
4195,55,11464,13722,371,13,WhatsApp,Centro-Oeste,0,1
4196,45,18761,37510,257,10,Email,Nordeste,1,1
4197,38,12892,18595,697,1,Telefone,Sudeste,1,0
4198,71,13836,1939,180,4,Telefone,Nordeste,1,1
4199,60,13439,38881,48,0,WhatsApp,Norte,1,1
4200,35,18176,20514,599,10,Telefone,Sudeste,1,1
4201,53,11343,5875,19,1,WhatsApp,Sudeste,0,0
4202,52,14323,23987,46,5,Telefone,Nordeste,1,1
4203,62,4186,42145,451,2,WhatsApp,Nordeste,0,0
4204,72,1733,26202,56,3,WhatsApp,Nordeste,1,0
4205,26,15929,21100,657,0,WhatsApp,Nordeste,1,1
4206,70,3772,2966,92,4,Email,Sul,1,1
4207,55,18850,41092,82,3,WhatsApp,Centro-Oeste,1,1
4208,47,18773,45597,79,7,WhatsApp,Centro-Oeste,1,1
4209,61,4900,44898,662,2,WhatsApp,Norte,0,0
4210,51,16871,47471,283,9,Telefone,Sul,1,1
4211,49,6042,7428,311,0,WhatsApp,Sudeste,1,0
4212,20,5023,22980,160,13,Telefone,Nordeste,1,1
4213,20,19647,9611,316,12,WhatsApp,Norte,0,1
4214,45,4791,41388,668,9,WhatsApp,Sudeste,1,0
4215,61,3988,29989,156,4,Telefone,Centro-Oeste,1,0
4216,32,12392,44332,714,13,Email,Sudeste,1,0
4217,58,3058,9904,468,14,WhatsApp,Nordeste,0,0
4218,40,6190,34139,462,0,WhatsApp,Nordeste,1,0
4219,57,7621,13082,117,10,WhatsApp,Centro-Oeste,1,1
4220,28,13698,1363,666,4,Telefone,Nordeste,1,1
4221,65,5939,48151,364,8,WhatsApp,Sul,0,0
4222,49,18987,45413,631,4,Email,Norte,1,1
4223,74,9020,28184,711,1,WhatsApp,Centro-Oeste,1,0
4224,71,6909,3555,466,12,WhatsApp,Centro-Oeste,1,0
4225,53,11170,12686,184,14,WhatsApp,Sudeste,1,1
4226,50,13606,3182,660,1,Telefone,Centro-Oeste,1,0
4227,41,13434,46150,166,9,Telefone,Norte,1,1
4228,56,9369,38546,75,8,WhatsApp,Sul,1,1
4229,51,4456,47073,272,11,Email,Sudeste,1,0
4230,73,12266,22332,691,13,WhatsApp,Norte,0,0
4231,45,11586,17497,503,4,Telefone,Centro-Oeste,0,0
4232,54,11935,35140,563,10,Telefone,Nordeste,0,0
4233,24,17912,11846,587,7,WhatsApp,Nordeste,1,1
4234,21,11755,40991,656,9,Email,Norte,1,0
4235,54,11138,47139,343,3,Email,Sul,1,1
4236,73,9256,49214,700,1,WhatsApp,Nordeste,1,0
4237,18,13356,7689,635,3,Telefone,Norte,0,0
4238,18,17264,46020,251,11,WhatsApp,Sudeste,1,1
4239,64,5102,44833,130,10,Telefone,Centro-Oeste,1,0
4240,37,6562,22270,358,3,WhatsApp,Sul,0,0
4241,36,13377,40210,692,10,Email,Sul,1,0
4242,46,8744,47998,408,8,WhatsApp,Sudeste,0,0
4243,27,7872,44651,495,9,WhatsApp,Sul,0,0
4244,35,8605,744,622,10,WhatsApp,Norte,0,0
4245,45,13729,33288,482,5,WhatsApp,Sul,1,1
4246,52,18456,30305,78,14,Telefone,Sul,1,1
4247,60,9205,14417,514,9,WhatsApp,Sul,1,1
4248,64,15394,46989,321,14,Telefone,Norte,1,1
4249,48,13780,6267,290,5,WhatsApp,Centro-Oeste,0,0
4250,44,2114,28890,297,4,Telefone,Nordeste,0,0
4251,28,5550,10747,681,5,Telefone,Sul,0,0
4252,66,18209,4015,475,0,Email,Sudeste,0,0
4253,66,17222,35178,23,12,Email,Sudeste,1,1
4254,55,16710,22766,172,4,Email,Norte,1,1
4255,22,18242,11250,318,11,Telefone,Centro-Oeste,0,1
4256,25,5277,30083,193,5,WhatsApp,Sul,0,0
4257,51,7406,8576,681,7,Telefone,Norte,1,0
4258,65,3221,18506,118,3,Email,Nordeste,1,0
4259,69,19233,15551,6,13,WhatsApp,Centro-Oeste,1,1
4260,73,5396,4814,483,4,Telefone,Centro-Oeste,0,0
4261,29,8441,29170,132,3,WhatsApp,Norte,1,1
4262,55,14964,35721,93,6,Telefone,Sudeste,0,0
4263,18,6746,2515,522,9,WhatsApp,Centro-Oeste,1,1
4264,48,9884,10736,563,5,Telefone,Sudeste,0,0
4265,21,16869,36068,294,13,Telefone,Centro-Oeste,0,0
4266,66,17975,42291,641,3,Email,Centro-Oeste,1,0
4267,62,15144,45152,392,5,Telefone,Centro-Oeste,0,1
4268,67,12608,26867,249,12,Email,Nordeste,1,1
4269,22,9628,16852,614,3,WhatsApp,Sudeste,0,0
4270,47,18959,46150,595,11,WhatsApp,Nordeste,0,0
4271,73,9668,10846,703,7,WhatsApp,Sudeste,1,0
4272,41,8361,25656,417,10,WhatsApp,Nordeste,0,0
4273,20,10490,14535,143,14,WhatsApp,Nordeste,0,0
4274,28,15250,16608,237,14,Telefone,Nordeste,0,1
4275,62,18488,3353,287,2,Telefone,Norte,1,1
4276,21,4479,19120,277,7,Telefone,Nordeste,1,0
4277,43,8565,4676,387,12,WhatsApp,Centro-Oeste,1,0
4278,44,6416,35423,382,1,WhatsApp,Sul,1,0
4279,63,2097,26420,450,5,Telefone,Nordeste,1,0
4280,71,7122,7329,291,7,WhatsApp,Sul,1,0
4281,60,19761,35154,169,0,WhatsApp,Sul,1,1
4282,44,13664,39739,443,5,WhatsApp,Centro-Oeste,1,0
4283,59,3199,25630,656,8,WhatsApp,Sul,1,0
4284,68,18600,45857,184,14,WhatsApp,Sul,1,1
4285,67,14929,8891,45,12,WhatsApp,Sul,1,1
4286,23,15296,19824,268,9,WhatsApp,Sudeste,0,1
4287,32,5586,46618,476,9,Telefone,Nordeste,1,0
4288,70,2165,41167,253,1,WhatsApp,Nordeste,1,0
4289,47,16105,806,396,10,WhatsApp,Sul,1,1
4290,59,18963,36343,289,12,Email,Centro-Oeste,1,1
4291,54,9919,31043,212,0,Telefone,Sudeste,1,1
4292,54,16684,7744,689,1,WhatsApp,Centro-Oeste,0,0
4293,59,2569,7111,21,4,Email,Centro-Oeste,1,1
4294,54,6763,23206,316,5,WhatsApp,Sul,1,1
4295,52,17609,19576,564,0,WhatsApp,Norte,1,1
4296,40,9451,47402,438,6,Email,Sul,1,0
4297,23,14419,33543,423,10,Email,Norte,0,0
4298,21,2863,5771,233,3,WhatsApp,Sudeste,0,0
4299,35,6008,7831,123,8,Telefone,Norte,0,0
4300,26,3255,12053,612,14,Telefone,Sul,0,0
4301,66,2019,31840,214,14,WhatsApp,Sul,1,0
4302,46,13236,12073,647,14,WhatsApp,Centro-Oeste,0,0
4303,30,12014,21909,600,5,WhatsApp,Sul,0,0
4304,64,16188,20934,40,8,Email,Sul,1,1
4305,69,8733,24964,332,0,WhatsApp,Nordeste,1,1
4306,34,2602,43340,648,3,Telefone,Nordeste,0,0
4307,62,2097,49285,182,1,WhatsApp,Centro-Oeste,1,0
4308,49,15447,21162,265,5,WhatsApp,Norte,0,0
4309,65,13741,18728,694,14,Telefone,Norte,1,1
4310,39,7281,49723,533,3,Telefone,Nordeste,1,0
4311,21,12297,7886,432,8,WhatsApp,Sudeste,1,0
4312,22,7756,7362,196,13,WhatsApp,Nordeste,0,1
4313,54,11880,40608,509,2,Telefone,Sudeste,0,0
4314,58,10280,26752,447,0,WhatsApp,Norte,1,1
4315,66,8054,9987,528,10,WhatsApp,Nordeste,0,0
4316,30,14164,48329,202,12,Telefone,Sul,1,1
4317,51,11099,40903,605,10,Telefone,Sudeste,0,0
4318,62,17011,15104,133,0,WhatsApp,Sudeste,1,1
4319,39,6346,17927,139,11,Telefone,Sudeste,1,1
4320,70,8105,27701,669,8,Email,Norte,1,0
4321,40,11751,3542,493,8,WhatsApp,Centro-Oeste,1,1
4322,68,17543,10886,70,4,Telefone,Sul,0,0
4323,20,14264,12192,15,14,WhatsApp,Nordeste,1,1
4324,59,4486,15725,212,1,WhatsApp,Sudeste,1,0
4325,51,1900,17193,60,8,WhatsApp,Norte,1,0
4326,49,11916,7161,252,12,WhatsApp,Sudeste,1,1
4327,62,4912,43521,446,11,Email,Nordeste,1,0
4328,68,17940,18761,2,12,WhatsApp,Sul,1,1
4329,66,3375,27878,336,7,Telefone,Sudeste,1,0
4330,38,5798,21719,19,12,WhatsApp,Norte,1,1
4331,63,5268,12437,561,10,WhatsApp,Norte,1,0
4332,61,7252,1294,78,9,Telefone,Centro-Oeste,1,1
4333,38,13989,47866,472,9,Telefone,Norte,1,1
4334,61,2853,7286,28,5,Email,Centro-Oeste,1,1
4335,28,8097,37282,560,6,Email,Sul,1,0
4336,56,16191,40660,608,11,WhatsApp,Nordeste,0,0
4337,21,5811,45813,165,5,Telefone,Centro-Oeste,0,0
4338,68,16807,38621,458,14,WhatsApp,Sudeste,0,0
4339,18,12294,36675,176,14,Telefone,Sudeste,1,1
4340,45,4434,27532,585,4,Email,Nordeste,1,0
4341,41,17906,26927,29,3,WhatsApp,Norte,1,1
4342,52,11894,17858,669,6,WhatsApp,Sudeste,1,0
4343,30,19093,30290,279,3,Telefone,Centro-Oeste,1,1
4344,64,10440,21121,283,9,Telefone,Nordeste,0,0
4345,51,18688,49321,479,9,WhatsApp,Sudeste,1,1
4346,28,9825,28865,519,9,Email,Norte,0,0
4347,53,12129,13689,305,8,Telefone,Norte,1,1
4348,68,6641,11713,694,4,WhatsApp,Sudeste,1,0
4349,34,5171,7748,109,7,WhatsApp,Nordeste,1,1
4350,52,8792,4869,324,11,Telefone,Sul,1,1
4351,35,16938,8550,206,12,WhatsApp,Sudeste,0,1
4352,57,13731,29105,234,14,WhatsApp,Norte,0,0
4353,39,19982,38683,458,11,Telefone,Sul,0,1
4354,74,16011,15898,187,11,Telefone,Nordeste,1,1
4355,41,12609,41383,482,5,Telefone,Norte,1,0
4356,36,9944,33555,407,3,WhatsApp,Nordeste,1,1
4357,54,17105,3695,509,11,Telefone,Sudeste,1,1
4358,56,14526,25951,520,2,Email,Nordeste,1,1
4359,38,10821,7950,53,10,WhatsApp,Norte,1,1
4360,25,6935,3425,398,5,Telefone,Sudeste,0,0
4361,45,9993,15015,199,0,Email,Norte,1,1
4362,22,8191,5810,391,1,Telefone,Norte,1,1
4363,34,4263,32317,649,6,Telefone,Sul,1,0
4364,54,4741,27908,498,14,WhatsApp,Centro-Oeste,1,1
4365,53,4557,45028,172,3,Telefone,Nordeste,1,1
4366,71,18434,48164,86,4,Telefone,Nordeste,1,1
4367,36,7074,19780,558,14,Telefone,Sul,1,0
4368,44,6911,17605,186,10,Email,Nordeste,1,1
4369,70,3087,19047,156,9,WhatsApp,Sul,1,0
4370,51,11514,11274,493,0,WhatsApp,Nordeste,1,1
4371,28,7420,15957,521,1,WhatsApp,Nordeste,0,0
4372,71,13188,42811,627,3,Telefone,Norte,1,1
4373,62,5909,4480,666,7,WhatsApp,Sul,0,0
4374,64,7283,21386,130,9,Telefone,Nordeste,1,1
4375,29,2212,12076,81,3,WhatsApp,Centro-Oeste,0,0
4376,71,6906,32391,384,13,WhatsApp,Sul,0,0
4377,38,13541,36681,659,2,WhatsApp,Sul,0,0
4378,71,3933,33762,295,2,Email,Sul,1,0
4379,28,4801,1447,269,11,Telefone,Norte,1,1
4380,56,18154,522,645,4,Email,Sul,0,0
4381,45,13086,1628,562,2,Telefone,Norte,1,1
4382,22,18963,14486,535,7,WhatsApp,Centro-Oeste,1,0
4383,34,6822,32822,378,4,WhatsApp,Sudeste,1,0
4384,73,15432,49429,376,11,Email,Norte,1,1
4385,37,6757,16660,88,13,Telefone,Nordeste,1,1
4386,58,15233,10308,624,11,WhatsApp,Sul,1,1
4387,63,14868,30112,111,13,Telefone,Sudeste,1,1
4388,29,11277,22225,584,6,WhatsApp,Norte,1,0
4389,23,12749,7498,154,10,WhatsApp,Nordeste,1,1
4390,34,14381,40450,463,7,WhatsApp,Sudeste,0,1
4391,68,11087,23918,569,4,Email,Centro-Oeste,0,0
4392,36,10291,18540,156,7,WhatsApp,Norte,1,1
4393,43,10205,21057,625,11,WhatsApp,Norte,0,0
4394,65,10758,22325,318,14,WhatsApp,Centro-Oeste,1,1
4395,61,9333,9498,559,2,WhatsApp,Norte,0,0
4396,61,15745,36580,238,14,Telefone,Sul,1,1
4397,69,17254,46597,334,13,WhatsApp,Norte,1,1
4398,49,10780,16302,106,11,WhatsApp,Sul,0,0
4399,23,14077,11667,482,6,Email,Norte,0,0
4400,72,4014,35592,699,7,WhatsApp,Nordeste,0,0
4401,53,5469,42907,671,6,WhatsApp,Nordeste,1,0
4402,55,6066,13838,710,13,WhatsApp,Sudeste,1,0
4403,28,3696,11253,382,1,Telefone,Nordeste,1,0
4404,50,18673,6484,689,7,Email,Centro-Oeste,0,0
4405,41,12845,19395,261,5,WhatsApp,Sudeste,1,1
4406,40,2809,48410,293,9,Email,Nordeste,0,0
4407,32,2364,44331,335,2,Telefone,Sul,1,0
4408,44,13555,862,655,3,Telefone,Norte,0,0
4409,28,6889,3954,709,6,WhatsApp,Nordeste,1,0
4410,74,13216,21504,476,2,WhatsApp,Sul,0,0
4411,68,13478,36523,225,0,Telefone,Sudeste,0,0
4412,67,4503,18101,555,5,Email,Norte,0,0
4413,34,15674,5849,454,2,Telefone,Nordeste,1,1
4414,68,15272,40463,663,10,WhatsApp,Sudeste,1,0
4415,70,19115,10547,296,14,WhatsApp,Nordeste,1,1
4416,31,9459,8250,575,9,Telefone,Sudeste,0,0
4417,44,13480,29893,642,5,Telefone,Nordeste,0,0
4418,35,8081,22963,463,9,WhatsApp,Sul,0,0
4419,45,18305,9899,214,11,WhatsApp,Centro-Oeste,0,0
4420,68,11465,14186,585,2,WhatsApp,Sul,0,1
4421,64,13260,41303,616,5,Telefone,Norte,0,0
4422,64,16422,34775,158,10,Telefone,Nordeste,1,1
4423,21,2446,23287,272,3,Email,Centro-Oeste,1,0
4424,24,19718,15276,238,12,Telefone,Centro-Oeste,1,1
4425,62,3064,30027,303,3,WhatsApp,Norte,0,0
4426,52,8832,39851,670,9,Telefone,Norte,1,1
4427,65,6444,37195,621,9,Email,Centro-Oeste,1,0
4428,26,17557,16297,521,10,Email,Norte,0,1
4429,25,15377,37499,321,1,Email,Norte,1,0
4430,69,11639,5802,59,13,WhatsApp,Nordeste,1,1
4431,62,2808,38559,358,3,Telefone,Sul,1,0
4432,34,18270,1408,704,10,Email,Sudeste,1,0
4433,34,4758,15623,648,11,Telefone,Centro-Oeste,1,0
4434,66,6311,13377,251,3,WhatsApp,Sudeste,1,1
4435,50,8197,14739,436,10,Email,Centro-Oeste,0,0
4436,49,17275,21935,146,6,WhatsApp,Centro-Oeste,1,1
4437,25,12539,27813,352,4,WhatsApp,Sul,1,1
4438,36,2939,35854,570,7,WhatsApp,Centro-Oeste,1,0
4439,55,13134,42603,689,6,Telefone,Centro-Oeste,0,0
4440,20,1555,48908,245,9,WhatsApp,Sul,0,0
4441,22,1605,18215,560,8,WhatsApp,Norte,1,0
4442,30,4701,23735,301,7,Telefone,Sudeste,1,1
4443,64,16684,26629,438,14,Telefone,Centro-Oeste,0,0
4444,63,2169,11034,100,8,Telefone,Sul,1,0
4445,48,14163,35074,480,0,WhatsApp,Centro-Oeste,0,0
4446,72,2466,43560,415,9,Telefone,Sul,1,0
4447,33,18191,17689,165,12,WhatsApp,Sudeste,1,1
4448,67,13156,21031,638,11,WhatsApp,Nordeste,0,0
4449,49,17393,11467,302,2,WhatsApp,Norte,1,1
4450,39,14589,16955,121,4,Email,Nordeste,0,1
4451,46,17993,527,88,8,WhatsApp,Sul,1,1
4452,39,5132,9160,217,7,WhatsApp,Centro-Oeste,0,0
4453,60,7184,25839,573,13,WhatsApp,Norte,1,0
4454,20,14766,40323,179,9,WhatsApp,Sudeste,0,0
4455,71,19799,10116,702,6,Email,Norte,1,1
4456,27,18440,10940,163,1,Email,Centro-Oeste,1,1
4457,59,1604,37100,593,14,WhatsApp,Nordeste,0,0
4458,38,3547,49238,170,10,WhatsApp,Sul,0,0
4459,33,18029,13607,301,5,WhatsApp,Nordeste,0,1
4460,29,18757,29146,374,3,Telefone,Norte,0,0
4461,19,18182,47045,708,4,WhatsApp,Centro-Oeste,1,1
4462,58,10337,26751,203,13,WhatsApp,Sul,1,1
4463,41,16907,16454,47,4,Telefone,Centro-Oeste,0,1
4464,52,7882,17443,463,12,WhatsApp,Centro-Oeste,1,1
4465,73,2283,41225,670,3,WhatsApp,Norte,1,0
4466,47,1870,45934,408,3,WhatsApp,Nordeste,1,0
4467,74,17408,20715,194,14,WhatsApp,Centro-Oeste,0,0
4468,47,1986,10610,427,3,Telefone,Centro-Oeste,0,0
4469,64,16000,40612,317,10,Email,Centro-Oeste,1,1
4470,52,4696,22055,479,1,WhatsApp,Sul,0,0
4471,36,11052,16962,421,0,WhatsApp,Centro-Oeste,0,1
4472,67,3761,14196,269,11,Email,Centro-Oeste,0,0
4473,25,12313,1531,481,1,Email,Norte,0,0
4474,43,10648,24265,711,6,WhatsApp,Centro-Oeste,1,1
4475,66,10072,48358,263,11,Telefone,Centro-Oeste,1,1
4476,57,16508,16316,426,0,WhatsApp,Norte,0,0
4477,24,14585,18368,166,5,Telefone,Sul,1,1
4478,47,18122,10937,692,3,Email,Nordeste,1,1
4479,24,8343,15953,428,1,Telefone,Norte,1,0
4480,20,2605,22722,704,14,WhatsApp,Sul,1,0
4481,18,19270,14758,397,14,WhatsApp,Nordeste,1,1
4482,53,11941,34818,216,2,Telefone,Centro-Oeste,1,1
4483,42,11219,13477,107,6,Telefone,Norte,1,1
4484,54,19551,37950,98,5,Telefone,Centro-Oeste,0,1
4485,18,4191,47707,482,14,WhatsApp,Norte,1,0
4486,32,13364,18713,499,14,Telefone,Nordeste,1,1
4487,54,3496,37019,230,5,Telefone,Sul,1,0
4488,30,2925,46182,257,7,WhatsApp,Norte,0,0
4489,57,17878,10723,43,7,WhatsApp,Sul,0,1
4490,25,8349,48666,242,5,WhatsApp,Centro-Oeste,0,0
4491,22,4747,39869,554,0,Telefone,Centro-Oeste,1,0
4492,26,2990,21343,95,9,Telefone,Nordeste,1,0
4493,18,19108,4356,188,12,Email,Nordeste,0,1
4494,53,15810,13161,385,6,WhatsApp,Sudeste,1,0
4495,52,18716,16091,400,7,Email,Sudeste,0,1
4496,19,16901,6682,506,4,Telefone,Nordeste,1,1
4497,57,14384,8470,167,12,WhatsApp,Centro-Oeste,1,1
4498,40,6295,48422,125,10,WhatsApp,Sul,0,1
4499,26,3146,35362,673,3,WhatsApp,Nordeste,0,0
4500,51,17642,31255,87,6,Email,Sul,0,1
4501,63,15806,45363,489,11,WhatsApp,Sudeste,1,1
4502,31,18324,19916,226,11,WhatsApp,Sul,1,1
4503,21,7456,14172,657,10,WhatsApp,Nordeste,1,0
4504,47,15428,18432,345,12,Email,Centro-Oeste,0,1
4505,48,11221,47496,518,5,WhatsApp,Nordeste,1,0
4506,55,12657,9059,31,11,WhatsApp,Norte,0,0
4507,28,3867,564,709,5,WhatsApp,Norte,0,0
4508,52,8196,3799,296,13,WhatsApp,Norte,0,0
4509,25,6690,5349,414,2,WhatsApp,Centro-Oeste,1,1
4510,20,6163,6139,135,10,Telefone,Nordeste,0,0
4511,31,8562,11555,525,9,Email,Norte,1,0
4512,30,5831,22558,4,14,Email,Nordeste,0,0
4513,62,13380,29927,178,3,Telefone,Sudeste,1,1
4514,49,17746,17480,259,4,WhatsApp,Norte,1,1
4515,51,4762,11366,652,8,Telefone,Norte,0,0
4516,62,14820,4389,65,7,WhatsApp,Centro-Oeste,0,0
4517,36,19991,48726,363,2,WhatsApp,Nordeste,1,1
4518,55,8536,31835,717,5,Email,Centro-Oeste,0,0
4519,33,6177,26662,17,9,Email,Centro-Oeste,0,1
4520,19,9472,24413,200,0,Telefone,Nordeste,1,1
4521,57,16829,25187,544,2,Email,Sudeste,0,0
4522,34,5764,33720,212,9,Email,Nordeste,1,0
4523,72,4633,11495,435,13,Telefone,Sudeste,0,0
4524,51,13112,3131,273,11,Telefone,Centro-Oeste,0,0
4525,59,19349,35454,290,6,Telefone,Sudeste,1,1
4526,33,15658,6467,483,6,WhatsApp,Sudeste,0,1
4527,55,11235,23258,234,1,WhatsApp,Sudeste,0,1
4528,19,3189,22242,408,2,Telefone,Norte,1,0
4529,19,11263,37616,694,14,WhatsApp,Norte,0,0
4530,43,9227,27080,146,6,WhatsApp,Centro-Oeste,1,1
4531,30,9264,34727,562,11,WhatsApp,Nordeste,1,0
4532,73,14503,2442,430,5,WhatsApp,Sudeste,1,1
4533,64,2318,48164,432,12,Email,Norte,0,0
4534,48,15939,28569,615,6,Telefone,Nordeste,1,1
4535,51,16577,22306,545,9,Telefone,Sudeste,0,0
4536,56,6021,14907,497,8,Email,Nordeste,0,0
4537,20,2624,48890,89,7,Email,Sul,1,0
4538,25,7160,15057,411,5,Telefone,Sudeste,0,0
4539,40,7141,16945,241,11,Email,Nordeste,0,0
4540,31,19013,18378,223,13,WhatsApp,Sudeste,0,1
4541,73,3202,18064,665,3,WhatsApp,Sudeste,1,0
4542,72,19885,13593,468,13,WhatsApp,Sul,0,1
4543,44,12639,36056,569,12,Telefone,Nordeste,0,0
4544,71,17202,26951,322,9,Telefone,Centro-Oeste,1,1
4545,46,8023,43668,375,8,Telefone,Norte,1,1
4546,56,13897,24586,112,6,Telefone,Sudeste,1,0
4547,70,9611,16989,527,4,WhatsApp,Sudeste,1,1
4548,56,3901,28504,412,1,WhatsApp,Sudeste,0,0
4549,18,10981,20971,269,8,Telefone,Sudeste,0,0
4550,34,11567,26784,626,13,WhatsApp,Norte,0,0
4551,58,14876,37193,252,6,Telefone,Centro-Oeste,1,1
4552,47,15324,18792,374,8,Telefone,Sul,0,0
4553,70,14944,18933,654,10,Telefone,Centro-Oeste,1,1
4554,30,14379,15068,626,8,WhatsApp,Norte,1,0
4555,38,17612,45924,450,9,Telefone,Nordeste,0,0
4556,36,2039,9966,537,4,Email,Sul,1,0
4557,70,12474,26021,368,6,Email,Sul,0,0
4558,36,15346,37172,255,4,Email,Nordeste,1,1
4559,74,7115,15967,463,14,Telefone,Sudeste,1,0
4560,42,17516,32519,268,2,WhatsApp,Norte,1,1
4561,39,4456,10919,126,9,Telefone,Nordeste,1,1
4562,48,9577,17176,393,7,Email,Centro-Oeste,1,1
4563,34,5222,29755,334,7,WhatsApp,Centro-Oeste,1,1
4564,72,13559,32014,565,8,WhatsApp,Nordeste,1,1
4565,40,6587,43682,368,10,WhatsApp,Norte,0,0
4566,49,11838,23150,555,13,Telefone,Sul,1,1
4567,27,3670,23254,678,11,WhatsApp,Sul,1,0
4568,27,4891,12665,554,5,WhatsApp,Sudeste,1,1
4569,53,8442,11183,456,1,Email,Norte,1,0
4570,25,19500,33056,688,2,Telefone,Centro-Oeste,1,0
4571,71,15306,15942,67,12,WhatsApp,Centro-Oeste,1,1
4572,69,16292,5360,66,10,WhatsApp,Sudeste,0,1
4573,37,14309,4229,595,11,WhatsApp,Centro-Oeste,1,0
4574,49,16355,31851,617,9,WhatsApp,Sudeste,1,1
4575,67,10608,47668,400,10,WhatsApp,Sudeste,0,0
4576,31,7958,24846,287,14,Telefone,Nordeste,1,1
4577,67,4256,9119,186,5,Telefone,Sul,1,0
4578,45,8353,11664,284,0,Telefone,Norte,0,0
4579,63,9209,39378,516,13,WhatsApp,Norte,0,0
4580,69,19820,7455,650,1,Telefone,Sul,1,1
4581,70,14347,606,691,7,Email,Norte,0,0
4582,41,18852,5254,237,10,WhatsApp,Centro-Oeste,0,0
4583,32,8797,44793,18,7,WhatsApp,Centro-Oeste,1,1
4584,39,17756,22162,414,5,Telefone,Norte,1,1
4585,47,4703,6908,9,2,Telefone,Nordeste,0,0
4586,21,7999,40903,420,13,WhatsApp,Norte,1,1
4587,30,6673,1725,29,1,Telefone,Sudeste,1,1
4588,40,18773,12696,656,12,Telefone,Sudeste,0,0
4589,25,13150,4750,348,5,Email,Sul,1,1
4590,35,10673,15872,661,0,WhatsApp,Centro-Oeste,1,0
4591,29,8882,17779,576,13,Telefone,Nordeste,0,1
4592,72,2301,45365,450,9,WhatsApp,Norte,1,0
4593,48,9734,30693,380,5,Telefone,Sudeste,1,1
4594,31,15397,45323,699,8,Telefone,Centro-Oeste,0,0
4595,51,16697,27368,366,6,WhatsApp,Centro-Oeste,0,1
4596,35,11469,38687,227,8,Email,Nordeste,1,1
4597,73,4701,48981,118,1,WhatsApp,Nordeste,0,0
4598,51,18233,28975,412,10,Telefone,Nordeste,0,0
4599,28,11472,45052,356,13,WhatsApp,Nordeste,0,0
4600,58,2083,2933,254,4,Telefone,Sudeste,1,0
4601,29,14219,11498,543,8,WhatsApp,Nordeste,0,0
4602,66,4877,44843,673,6,Email,Centro-Oeste,1,0
4603,32,16355,31633,444,8,Email,Centro-Oeste,1,0
4604,74,4901,34569,681,13,Email,Norte,1,0
4605,48,15136,7358,81,10,WhatsApp,Centro-Oeste,1,1
4606,66,17238,9450,46,5,Telefone,Centro-Oeste,1,1
4607,46,8272,9438,49,14,WhatsApp,Sudeste,1,1
4608,43,11631,25668,449,6,Email,Centro-Oeste,1,0
4609,35,2288,32599,407,9,Telefone,Sul,0,0
4610,49,17684,6144,283,4,Telefone,Centro-Oeste,1,1
4611,39,4389,44346,473,5,Telefone,Norte,1,0
4612,55,11069,9760,416,0,WhatsApp,Norte,1,1
4613,34,11641,47958,600,0,Telefone,Nordeste,0,0
4614,40,13434,36575,121,1,WhatsApp,Sudeste,0,1
4615,41,11269,16988,3,10,Email,Norte,1,1
4616,67,9112,895,316,13,Email,Sul,0,0
4617,25,17705,11345,460,3,Telefone,Sul,1,1
4618,58,15434,36559,227,10,Email,Nordeste,1,1
4619,23,11595,18894,79,8,WhatsApp,Sudeste,0,0
4620,22,5740,28957,657,6,Email,Sudeste,0,0
4621,61,12248,46406,544,5,WhatsApp,Centro-Oeste,0,0
4622,74,6798,37805,71,14,Telefone,Sul,0,1
4623,46,3361,43128,197,0,Telefone,Sul,1,0
4624,45,15642,21852,58,4,WhatsApp,Sul,1,1
4625,28,8820,21646,424,10,WhatsApp,Sul,1,1
4626,74,12867,17935,469,11,WhatsApp,Norte,1,0
4627,18,18982,39886,624,12,Email,Sudeste,1,1
4628,60,6747,37991,48,3,WhatsApp,Centro-Oeste,1,1
4629,36,3234,20468,435,4,Telefone,Norte,1,0
4630,26,6163,48105,185,10,Telefone,Sudeste,1,1
4631,44,7409,9039,165,8,WhatsApp,Nordeste,1,1
4632,51,14318,1763,331,11,WhatsApp,Sul,1,1
4633,61,18564,13805,330,2,Telefone,Centro-Oeste,0,1
4634,21,9663,24898,121,3,WhatsApp,Sudeste,1,1
4635,53,19954,44202,213,7,Telefone,Nordeste,1,1
4636,35,14858,32580,507,2,WhatsApp,Sul,1,1
4637,32,8168,10765,553,12,WhatsApp,Nordeste,1,0
4638,68,14516,49607,168,2,Telefone,Nordeste,1,1
4639,30,9501,32652,546,12,WhatsApp,Norte,1,0
4640,36,11421,28224,427,8,Email,Nordeste,0,0
4641,66,3691,31124,709,4,Email,Norte,0,0
4642,23,10359,34619,703,9,WhatsApp,Norte,0,0
4643,65,10372,40458,221,0,WhatsApp,Nordeste,0,0
4644,73,6422,29889,10,6,WhatsApp,Sudeste,1,1
4645,29,5892,17150,120,6,WhatsApp,Nordeste,0,0
4646,68,15041,26514,635,14,Telefone,Nordeste,0,0
4647,54,16515,11385,247,5,Email,Sudeste,1,1
4648,34,4727,7934,360,5,WhatsApp,Sul,1,0
4649,40,3524,30528,221,2,WhatsApp,Centro-Oeste,0,0
4650,43,18213,1522,506,2,WhatsApp,Sul,1,1
4651,46,3986,24831,58,9,WhatsApp,Nordeste,0,0
4652,50,2655,2537,460,10,Telefone,Sul,0,0
4653,44,11582,9256,128,8,Telefone,Centro-Oeste,1,1
4654,42,5977,46826,699,0,WhatsApp,Sul,1,0
4655,73,8586,17943,717,6,WhatsApp,Centro-Oeste,1,0
4656,72,3817,34692,86,12,Email,Sul,1,1
4657,27,5121,4623,104,11,WhatsApp,Norte,1,1
4658,64,5991,17103,143,10,Email,Nordeste,1,1
4659,40,17416,905,205,9,WhatsApp,Centro-Oeste,0,1
4660,38,16748,43097,641,6,Email,Nordeste,1,1
4661,38,4011,19202,38,7,Telefone,Norte,1,1
4662,60,11046,43219,363,5,WhatsApp,Sul,1,1
4663,30,17112,26750,621,7,Email,Nordeste,1,0
4664,54,9348,42251,309,0,Telefone,Sul,1,1
4665,50,15774,21942,52,0,WhatsApp,Sul,0,1
4666,41,19177,18193,1,8,WhatsApp,Nordeste,1,1
4667,61,3965,24505,11,11,Telefone,Centro-Oeste,1,1
4668,28,17804,45293,640,3,Telefone,Centro-Oeste,1,0
4669,34,17169,38197,214,2,Telefone,Nordeste,1,1
4670,21,12794,29488,556,5,Telefone,Centro-Oeste,1,0
4671,64,4675,32833,518,9,Telefone,Sudeste,1,0
4672,42,9349,30492,668,11,Telefone,Sul,0,0
4673,47,13973,10022,415,12,Telefone,Nordeste,1,0
4674,26,10925,45906,8,11,WhatsApp,Norte,0,1
4675,38,13722,41970,5,8,Email,Nordeste,0,1
4676,37,9944,44032,362,9,WhatsApp,Nordeste,1,1
4677,36,9710,12621,694,10,WhatsApp,Sul,1,0
4678,36,4259,14719,112,3,Telefone,Norte,1,1
4679,29,17591,2117,273,8,WhatsApp,Sul,1,1
4680,54,1502,43516,422,14,WhatsApp,Centro-Oeste,1,0
4681,59,19143,24776,265,4,WhatsApp,Nordeste,0,0
4682,34,9690,34851,458,12,Telefone,Sul,1,0
4683,54,16748,7204,212,6,Email,Sudeste,1,1
4684,71,7273,41256,78,2,Telefone,Nordeste,1,0
4685,65,14286,18459,666,2,Telefone,Centro-Oeste,0,0
4686,56,16537,29022,221,11,WhatsApp,Sul,1,1
4687,45,3385,10453,369,2,WhatsApp,Sul,1,0
4688,58,8560,27067,347,7,WhatsApp,Sudeste,1,0
4689,52,17831,23060,25,13,WhatsApp,Centro-Oeste,1,1
4690,64,9344,3113,420,5,WhatsApp,Sudeste,0,0
4691,65,14950,37160,354,8,WhatsApp,Nordeste,0,0
4692,35,10991,45604,417,8,WhatsApp,Norte,0,0
4693,31,10768,40001,515,7,Telefone,Sul,1,1
4694,52,10639,37699,215,0,Email,Sudeste,1,1
4695,61,8291,24996,112,5,Email,Sul,1,1
4696,58,8671,18265,704,3,Telefone,Sul,1,0
4697,24,18753,26221,559,3,WhatsApp,Sudeste,1,1
4698,58,1593,4015,428,2,Telefone,Sul,0,0
4699,30,4487,4954,699,11,WhatsApp,Centro-Oeste,0,0
4700,35,14347,41037,562,8,Telefone,Centro-Oeste,1,1
4701,54,11467,23373,709,1,Telefone,Norte,1,0
4702,30,17718,8884,216,0,Telefone,Centro-Oeste,1,1
4703,53,11952,14227,413,13,Email,Sudeste,0,0
4704,48,10127,4034,380,14,Telefone,Centro-Oeste,0,0
4705,19,6447,34023,602,9,Telefone,Norte,1,0
4706,33,8151,32389,232,2,WhatsApp,Nordeste,1,1
4707,26,4644,25965,258,12,Email,Nordeste,1,1
4708,26,17960,31093,665,14,WhatsApp,Sudeste,1,1
4709,55,10459,21830,256,3,Email,Norte,1,1
4710,28,9797,8802,403,3,WhatsApp,Centro-Oeste,0,0
4711,71,8194,13407,424,5,WhatsApp,Norte,1,1
4712,73,17335,24930,65,0,Email,Sul,1,1
4713,39,4846,42252,190,0,WhatsApp,Norte,0,0
4714,50,12840,47653,603,1,Email,Centro-Oeste,0,0
4715,53,1744,7681,173,3,WhatsApp,Sudeste,0,0
4716,62,4125,46713,628,6,Email,Sul,1,0
4717,40,5349,13375,561,5,Telefone,Norte,1,0
4718,62,11097,27719,227,14,Telefone,Nordeste,1,1
4719,62,9237,36682,581,10,WhatsApp,Centro-Oeste,1,0
4720,51,15524,15505,388,8,WhatsApp,Sudeste,1,1
4721,26,13500,42769,401,6,Email,Centro-Oeste,1,0
4722,41,9833,14745,638,11,WhatsApp,Norte,0,0
4723,25,18776,6957,213,4,WhatsApp,Sudeste,1,1
4724,24,8810,7249,53,5,Telefone,Nordeste,1,1
4725,53,3899,33564,624,9,WhatsApp,Sul,1,0
4726,35,6140,10321,671,8,WhatsApp,Norte,0,0
4727,20,11891,33261,662,0,WhatsApp,Sudeste,1,0
4728,45,19353,38551,139,10,WhatsApp,Sul,1,1
4729,23,12392,13619,418,8,Email,Sudeste,1,1
4730,61,12697,8164,625,5,WhatsApp,Norte,0,0
4731,61,14550,29781,143,11,Email,Sudeste,0,1
4732,38,4874,40779,509,3,WhatsApp,Nordeste,1,0
4733,45,14411,32321,650,11,WhatsApp,Sudeste,1,1
4734,57,10347,38733,486,4,Telefone,Norte,1,1
4735,71,16285,25147,437,12,WhatsApp,Sudeste,1,1
4736,71,12460,45825,543,0,Telefone,Sul,1,1
4737,18,15035,4882,293,6,Email,Sul,1,1
4738,53,9734,16949,620,12,WhatsApp,Centro-Oeste,0,0
4739,38,12003,17763,284,14,Telefone,Centro-Oeste,0,0
4740,60,6622,25143,671,14,WhatsApp,Nordeste,0,0
4741,52,11352,9908,14,12,WhatsApp,Sul,0,0
4742,30,6887,24106,634,7,WhatsApp,Centro-Oeste,0,0
4743,74,9131,28103,272,10,Email,Sudeste,1,0
4744,66,8726,46958,25,4,WhatsApp,Nordeste,0,1
4745,71,6608,5569,322,1,Email,Norte,1,1
4746,71,3610,20123,681,7,Telefone,Centro-Oeste,1,0
4747,27,2457,44940,103,9,WhatsApp,Centro-Oeste,0,0
4748,70,8646,17391,40,6,WhatsApp,Sul,0,1
4749,61,2060,8204,235,9,Email,Nordeste,0,0
4750,64,2812,28790,89,8,Telefone,Sul,0,0
4751,70,19705,27960,100,3,WhatsApp,Sul,1,1
4752,27,13095,18009,144,10,Email,Nordeste,1,1
4753,63,6874,17769,82,8,WhatsApp,Sudeste,1,1
4754,30,4151,8475,589,3,Email,Centro-Oeste,0,0
4755,54,11506,45337,571,2,Email,Sul,1,1
4756,55,11433,7065,229,14,Telefone,Centro-Oeste,1,1
4757,41,17672,22967,603,10,Email,Nordeste,0,0
4758,19,4377,5370,395,2,Telefone,Sudeste,0,0
4759,39,5583,19409,513,9,Telefone,Norte,1,0
4760,34,2245,9617,197,1,Telefone,Sudeste,0,0
4761,53,10249,2438,274,9,WhatsApp,Nordeste,1,1
4762,31,18825,28890,590,2,Telefone,Sudeste,0,0
4763,27,18823,44822,653,13,WhatsApp,Norte,0,1
4764,52,19494,36500,583,7,WhatsApp,Sul,1,0
4765,42,3225,20628,562,10,WhatsApp,Sudeste,1,0
4766,20,13713,32281,372,7,WhatsApp,Nordeste,1,0
4767,64,11028,3965,80,1,WhatsApp,Sudeste,0,0
4768,55,15662,940,235,10,Email,Norte,1,1
4769,34,10353,5913,287,1,WhatsApp,Nordeste,1,1
4770,29,8687,12163,667,1,Telefone,Sudeste,0,0
4771,71,1532,39023,572,9,WhatsApp,Nordeste,0,0
4772,69,16393,38280,545,6,WhatsApp,Norte,1,0
4773,41,15908,20047,437,14,WhatsApp,Sul,1,0
4774,46,16660,16626,127,5,WhatsApp,Norte,0,0
4775,60,4914,40020,712,11,Telefone,Sul,1,0
4776,42,19040,505,417,10,Telefone,Centro-Oeste,1,1
4777,53,13620,38044,638,0,WhatsApp,Norte,1,0
4778,43,3043,7538,41,1,WhatsApp,Sul,1,0
4779,55,1771,6914,469,13,Email,Centro-Oeste,1,0
4780,18,6795,22623,297,0,WhatsApp,Centro-Oeste,0,0
4781,37,16463,4470,597,14,WhatsApp,Centro-Oeste,1,1
4782,72,13080,11550,601,11,Telefone,Nordeste,1,0
4783,45,14097,3106,42,10,WhatsApp,Norte,1,1
4784,33,13545,16982,632,6,Email,Norte,0,0
4785,64,15103,33793,279,5,Telefone,Norte,0,0
4786,34,11437,6837,459,1,WhatsApp,Norte,1,1
4787,57,16330,34448,33,1,WhatsApp,Nordeste,0,0
4788,45,8222,24951,276,1,Telefone,Norte,1,1
4789,29,9701,26765,665,7,WhatsApp,Sul,1,0
4790,44,5644,26214,90,13,Email,Centro-Oeste,1,1
4791,71,7106,21375,616,6,Telefone,Nordeste,1,0
4792,70,8266,13557,524,0,WhatsApp,Nordeste,0,0
4793,59,18614,32900,160,3,Telefone,Norte,1,1
4794,64,17428,6422,458,10,WhatsApp,Centro-Oeste,0,1
4795,47,3148,3571,708,3,WhatsApp,Sul,1,0
4796,58,3630,22525,399,6,Telefone,Centro-Oeste,0,0
4797,51,15892,28003,91,1,Telefone,Sudeste,0,1
4798,54,12088,24265,709,3,Telefone,Centro-Oeste,1,1
4799,23,5866,36060,581,0,WhatsApp,Sul,1,0
4800,24,3006,47112,466,12,Telefone,Sul,0,0
4801,49,16722,33282,220,14,WhatsApp,Sul,1,1
4802,49,13863,19299,419,12,Telefone,Nordeste,1,1
4803,70,13295,35953,379,10,Telefone,Nordeste,1,1
4804,42,11358,27976,447,10,Telefone,Sudeste,1,1
4805,50,14116,16712,146,3,Email,Centro-Oeste,1,1
4806,72,5636,9928,233,10,Email,Norte,0,0
4807,24,14978,31919,371,14,Email,Sudeste,1,1
4808,69,12661,8659,234,13,Email,Norte,0,1
4809,74,4189,24810,367,0,Telefone,Norte,0,0
4810,29,4310,37368,481,1,Email,Sudeste,1,1
4811,33,13163,39642,573,1,Email,Centro-Oeste,1,1
4812,33,7652,6504,363,11,Telefone,Norte,1,1
4813,60,1512,38789,590,9,WhatsApp,Nordeste,0,0
4814,70,12662,11912,511,11,WhatsApp,Nordeste,0,0
4815,53,9499,12255,95,2,Email,Sudeste,0,0
4816,30,8719,19517,216,7,WhatsApp,Norte,0,1
4817,24,6828,4390,712,10,Email,Sudeste,1,1
4818,53,5121,29340,543,5,WhatsApp,Nordeste,1,0
4819,64,13165,17675,135,5,WhatsApp,Sudeste,1,1
4820,68,12814,9691,83,8,Telefone,Norte,1,1
4821,26,2152,651,391,7,Email,Norte,1,0
4822,49,17682,19947,47,1,WhatsApp,Nordeste,1,1
4823,28,10312,23251,392,14,Email,Sul,1,0
4824,25,5290,29675,718,5,Telefone,Sul,1,0
4825,50,17159,24788,385,0,WhatsApp,Centro-Oeste,1,1
4826,40,3145,47129,381,12,WhatsApp,Nordeste,1,0
4827,42,11935,48300,77,13,WhatsApp,Centro-Oeste,1,1
4828,73,5188,37867,259,8,WhatsApp,Nordeste,0,0
4829,25,9189,12774,604,3,WhatsApp,Norte,1,0
4830,62,2879,12718,399,3,WhatsApp,Nordeste,1,0
4831,39,5743,24292,100,8,WhatsApp,Sudeste,1,0
4832,21,11737,3477,501,2,Email,Centro-Oeste,1,0
4833,57,17830,17726,383,4,Telefone,Nordeste,0,0
4834,20,7111,29522,707,0,Telefone,Centro-Oeste,1,0
4835,46,14016,4293,192,5,WhatsApp,Nordeste,1,1
4836,58,15386,2159,580,2,Email,Sul,1,1
4837,46,15216,38430,602,0,Email,Centro-Oeste,1,1
4838,51,7412,43973,345,9,Telefone,Norte,0,0
4839,51,7949,16540,10,5,Email,Norte,0,1
4840,45,3225,4770,264,13,Email,Nordeste,1,1
4841,30,17370,13786,268,11,Telefone,Norte,1,1
4842,32,10804,4103,630,9,Telefone,Norte,1,1
4843,40,9022,47040,571,1,WhatsApp,Centro-Oeste,1,0
4844,61,15163,18100,195,7,WhatsApp,Nordeste,1,1
4845,43,6284,2791,562,13,WhatsApp,Centro-Oeste,1,0
4846,21,10972,13623,407,12,WhatsApp,Nordeste,1,1
4847,43,19116,4311,296,14,WhatsApp,Norte,1,1
4848,57,11555,13847,97,10,Email,Nordeste,1,1
4849,26,14176,31776,462,11,WhatsApp,Nordeste,1,1
4850,72,8946,47119,639,1,Email,Sudeste,0,0
4851,22,6225,16013,87,3,Telefone,Nordeste,1,1
4852,73,16269,5642,77,13,WhatsApp,Sudeste,0,1
4853,49,2909,23746,716,2,WhatsApp,Centro-Oeste,0,0
4854,37,9705,26007,483,8,WhatsApp,Sudeste,1,0
4855,67,17865,27214,146,1,Email,Centro-Oeste,1,1
4856,28,1756,12694,661,2,Email,Nordeste,1,0
4857,32,19605,8026,111,6,WhatsApp,Centro-Oeste,0,1
4858,49,17204,19862,641,3,Email,Norte,1,0
4859,45,19307,46781,678,5,Telefone,Nordeste,1,0
4860,39,4490,45352,297,2,WhatsApp,Sudeste,1,1
4861,58,2695,46617,426,0,Telefone,Sul,1,0
4862,34,2744,48336,649,10,Telefone,Nordeste,1,0
4863,43,12915,5095,334,5,WhatsApp,Norte,0,0
4864,61,8266,30894,523,3,Telefone,Centro-Oeste,1,0
4865,24,13162,15902,583,1,WhatsApp,Sudeste,1,0
4866,59,17710,27640,671,6,WhatsApp,Sudeste,1,0
4867,74,19190,23095,538,14,WhatsApp,Norte,1,1
4868,43,11813,43223,162,9,Email,Norte,1,1
4869,42,3902,47264,430,12,Telefone,Nordeste,0,0
4870,27,18380,25411,614,11,WhatsApp,Sul,0,0
4871,62,14775,26252,69,14,WhatsApp,Sul,0,0
4872,36,16415,19905,133,12,WhatsApp,Centro-Oeste,1,1
4873,28,2409,24720,189,4,Telefone,Sudeste,1,1
4874,30,17306,34453,678,5,WhatsApp,Nordeste,1,0
4875,70,1872,36553,573,5,Email,Sudeste,1,0
4876,25,2844,3947,279,13,Email,Nordeste,0,0
4877,57,10015,11162,430,8,Telefone,Norte,0,0
4878,21,3931,5399,625,11,WhatsApp,Centro-Oeste,0,0
4879,64,12085,29082,542,1,WhatsApp,Norte,1,0
4880,48,16962,49328,161,11,WhatsApp,Sudeste,1,1
4881,45,3195,2435,453,5,Telefone,Centro-Oeste,1,0
4882,28,3407,42713,170,8,Telefone,Nordeste,0,0
4883,60,18664,42542,698,11,Telefone,Nordeste,0,0
4884,18,2519,10835,57,3,WhatsApp,Centro-Oeste,1,1
4885,66,12957,18169,240,12,Email,Norte,0,0
4886,64,2903,9045,358,11,WhatsApp,Centro-Oeste,0,0
4887,69,19310,40747,201,12,WhatsApp,Norte,0,0
4888,55,10355,38523,444,12,Telefone,Centro-Oeste,1,1
4889,41,7368,18769,302,10,WhatsApp,Norte,0,0
4890,71,12339,38330,106,5,Telefone,Sul,0,1
4891,74,1510,7566,101,6,Email,Centro-Oeste,1,1
4892,64,7830,11212,97,0,Telefone,Norte,0,1
4893,48,16561,16491,665,4,WhatsApp,Sudeste,0,0
4894,58,10730,36290,29,3,WhatsApp,Sudeste,1,1
4895,63,8964,22149,506,12,WhatsApp,Centro-Oeste,1,0
4896,67,16246,34815,665,12,WhatsApp,Centro-Oeste,0,0
4897,43,4503,31306,438,12,Email,Nordeste,0,0
4898,66,8695,12710,379,9,Telefone,Norte,0,0
4899,67,15162,37472,73,14,WhatsApp,Centro-Oeste,1,1
4900,22,15239,40858,254,14,Email,Sudeste,1,1
4901,37,17088,34636,516,1,Telefone,Sudeste,0,0
4902,69,3289,44797,550,1,WhatsApp,Sudeste,1,0
4903,58,9098,16445,20,1,WhatsApp,Norte,0,1
4904,28,6338,30165,625,6,WhatsApp,Sul,1,0
4905,73,7372,42977,535,10,Email,Centro-Oeste,0,0
4906,71,12867,14144,421,12,Telefone,Sul,1,0
4907,50,5799,5417,446,10,Email,Norte,1,0
4908,67,18857,20368,136,3,WhatsApp,Centro-Oeste,0,1
4909,55,8583,12377,505,14,Email,Nordeste,1,1
4910,44,6994,13724,301,5,WhatsApp,Centro-Oeste,0,0
4911,51,12817,3552,609,6,Email,Centro-Oeste,0,0
4912,32,4629,27772,33,8,Email,Centro-Oeste,1,0
4913,49,1604,41650,647,10,WhatsApp,Centro-Oeste,0,0
4914,38,8933,31168,278,1,Telefone,Centro-Oeste,1,0
4915,63,9189,17816,133,9,Telefone,Norte,1,1
4916,22,5067,7740,527,11,Email,Centro-Oeste,1,0
4917,23,19065,32059,126,12,WhatsApp,Norte,1,1
4918,55,6144,3738,345,8,WhatsApp,Centro-Oeste,0,0
4919,39,16466,43675,17,10,Email,Centro-Oeste,1,1
4920,35,12830,1065,562,4,Telefone,Norte,0,0
4921,31,5894,22262,647,12,WhatsApp,Centro-Oeste,1,0
4922,27,5034,6058,630,5,Email,Sudeste,1,0
4923,63,13888,16875,378,5,WhatsApp,Centro-Oeste,1,1
4924,30,12819,26210,60,10,Telefone,Nordeste,1,1
4925,48,7975,11603,637,2,WhatsApp,Norte,1,1
4926,47,19658,15674,467,10,WhatsApp,Centro-Oeste,1,1
4927,20,16228,41990,628,10,WhatsApp,Centro-Oeste,1,0
4928,47,13506,22293,391,9,WhatsApp,Norte,1,1
4929,23,17650,28097,685,6,Telefone,Sul,1,0
4930,46,1946,9253,187,14,Telefone,Sudeste,1,0
4931,25,1608,38897,498,12,WhatsApp,Sudeste,1,0
4932,61,4739,6818,600,6,WhatsApp,Centro-Oeste,1,0
4933,62,7431,33569,715,7,Telefone,Norte,0,0
4934,60,5553,20651,361,4,WhatsApp,Nordeste,0,0
4935,61,15246,40774,449,1,Telefone,Centro-Oeste,1,1
4936,50,2745,9201,694,14,Telefone,Sudeste,0,0
4937,34,15339,7462,680,12,Email,Centro-Oeste,1,1
4938,65,14356,38697,181,2,Telefone,Norte,1,1
4939,28,6605,49134,130,8,WhatsApp,Nordeste,0,0
4940,30,4422,30541,149,14,Email,Sul,1,1
4941,67,4013,7748,472,5,Email,Nordeste,1,0
4942,28,4301,20329,623,7,WhatsApp,Centro-Oeste,0,0
4943,48,15395,2703,500,7,Email,Sudeste,1,1
4944,45,8481,25870,649,13,Telefone,Norte,0,0
4945,61,9721,35747,355,4,WhatsApp,Centro-Oeste,1,1
4946,23,7538,10886,211,0,WhatsApp,Sul,1,1
4947,58,16582,934,658,5,Telefone,Norte,1,1
4948,33,16148,43498,596,6,WhatsApp,Norte,0,1
4949,21,1864,34974,30,8,WhatsApp,Norte,1,1
4950,52,3300,25144,577,1,WhatsApp,Centro-Oeste,1,0
4951,65,15610,38993,24,11,WhatsApp,Sul,0,1
4952,73,7458,18788,222,12,WhatsApp,Centro-Oeste,1,0
4953,43,10596,4459,602,1,Telefone,Norte,1,0
4954,74,8936,47789,618,9,WhatsApp,Norte,1,1
4955,29,14138,11643,684,0,Email,Sudeste,1,1
4956,28,1679,40093,589,4,WhatsApp,Nordeste,1,0
4957,54,5373,39615,580,1,WhatsApp,Centro-Oeste,1,0
4958,42,19070,46109,401,2,WhatsApp,Sul,0,0
4959,35,16955,23040,604,1,WhatsApp,Norte,1,1
4960,36,18657,35981,512,10,WhatsApp,Centro-Oeste,1,1
4961,40,14297,30469,88,3,Telefone,Nordeste,1,1
4962,72,5960,12061,465,10,Telefone,Centro-Oeste,0,0
4963,55,16816,23078,50,2,WhatsApp,Nordeste,0,1
4964,71,1852,13287,103,8,WhatsApp,Centro-Oeste,1,0
4965,35,6844,7012,368,9,WhatsApp,Sudeste,0,0
4966,43,6007,11096,492,11,Email,Centro-Oeste,1,0
4967,23,6330,32246,558,1,Telefone,Sudeste,0,0
4968,21,12720,20430,691,6,WhatsApp,Nordeste,1,0
4969,61,1617,48450,268,14,WhatsApp,Norte,1,0
4970,68,18365,30701,397,10,Email,Norte,1,1
4971,46,5787,19187,320,13,WhatsApp,Centro-Oeste,0,0
4972,51,5977,36489,520,2,Telefone,Sul,0,0
4973,34,8033,30683,449,9,WhatsApp,Centro-Oeste,1,1
4974,60,18127,21258,476,7,Telefone,Sudeste,1,1
4975,60,14255,1582,590,3,Email,Sudeste,0,0
4976,70,2365,41905,240,13,Email,Nordeste,1,0
4977,33,12673,31332,258,3,Telefone,Centro-Oeste,0,1
4978,19,6829,46391,708,8,WhatsApp,Nordeste,1,0
4979,51,2103,46310,643,10,WhatsApp,Sul,0,0
4980,72,7256,47401,390,2,WhatsApp,Norte,1,0
4981,25,12754,18476,343,6,Email,Norte,1,1
4982,30,5518,38876,387,0,Telefone,Centro-Oeste,0,0
4983,59,6692,6026,394,6,WhatsApp,Nordeste,1,1
4984,25,3515,31586,683,9,WhatsApp,Nordeste,0,0
4985,47,11350,22063,659,10,Telefone,Sul,0,0
4986,49,4880,6972,270,1,Email,Nordeste,1,0
4987,53,5270,3275,149,11,Telefone,Sudeste,1,1
4988,64,7329,16328,380,13,WhatsApp,Sudeste,0,0
4989,47,3113,45276,28,13,WhatsApp,Sudeste,1,0
4990,18,14647,18474,149,5,WhatsApp,Centro-Oeste,1,1
4991,60,17045,22888,420,14,Email,Sudeste,1,1
4992,56,19763,15555,280,12,Email,Sudeste,0,1
4993,34,6872,19115,182,8,Email,Norte,0,0
4994,37,12038,38386,166,5,Telefone,Centro-Oeste,0,0
4995,41,1648,23338,17,2,Telefone,Sudeste,0,0
4996,67,3254,41228,150,0,Telefone,Sul,1,0
4997,39,8878,12964,339,11,Telefone,Sudeste,1,1
4998,46,15091,40864,45,11,Telefone,Centro-Oeste,0,1
4999,39,10871,7740,502,14,WhatsApp,Nordeste,1,0
5000,61,14279,5442,189,3,Telefone,Norte,0,1
